7891129500006;Não encontrado
7891129500013;Não encontrado
7891129217317;Ar Condicionado de Janela Consul 7500 BTU/H Frio 110V CCB07DB
7891129217324;Ar Condicionado de Janela Consul 7500 BTU/H Frio CCB07DBBNA
7891129217416;Ar Condicionado de Janela Consul 10000 BTU H Frio CCB10DB
7891129217423;Ar Condicionado de Janela Consul 10000 BTU H Frio CCB10DBBNA
7891129234352;Ar Condicionado Janela 7.500 Btus Consul CCF07EB Mecânico Branco
7891129234369;Consul Ar Condicionado Janela Multi Air 7.500 BTU Frio Mecânico 220V CCF07EBBNA
7891129161122;Ar Condicionado de Janela Consul 21.000 BTUs Frio Mecânico CCF21DBBNA
7891129234536;Ar Condicionado Janela 12000 BTU/s Frio Consul Manual CCI12EBANA
7891129161603;Ar Condicionado de Janela 18000 BTU/s Frio 220v Consul Manual CCI18DBBNA
7891129161658;Ar- Condicionado Janela 12.000 Btus Consul CCM12DB Quente/Frio Branco
7891129161597;Ar Condicionado Janela Consul 18.000 Btus Quente e Frio Mecânico - CCM18DB
7891129217348;Ar Condicionado Janela Consul 7500 Btu Frio Eletrônico 110v
7891129217355;Ar Condicionado de Janela 7500 BTU/H Frio com Controle Remoto Consul CCN07DB
7891129217379;Consul Ar Condicionado Janela 10.000 BTUs Frio Eletrônico CCN10DBANA
7891129217386;Ar Condicionado de Janela Consul 10000 BTU/H Frio Eletronico CCN10DBBNA
7891129217362;Ar- Condicionado Janela 7.500 Btus Consul CCO07DB Quente/Frio Branco
7891129217409;Ar Janela Consul Eletrônico Com Controle 10000 BTU Quente e Frio 220v
7891129161139;Condicionador de Ar Consul 21.000 BTUs Mecânico Quente e Frio CCR21DBBNA
7891129217331;Ar- Condicionado Janela 7.500 Btus Consul CCS07DB Quente/Frio Branco
7891129217393;Ar- Condicionado Janela 10.000 Btus Consul CCS10DB Quente/Frio Branco
7891129161672;Ar Condicionado de Janela Consul 12000 BTU/H Frio Eletronico 220V CCY12DBBNA
7891129234543;Ar- Condicionado Janela 12.000 Btus Consul CCY12DB Frio Branco
7891129161641;Ar- Condicionado Janela 12.000 Btus Consul CCZ12DB Quente/Frio Branco
7891129255890;Ar condicionado janela 7500 BTUs Consul frio com design moderno 110V
7891129263505;Ar condicionado janela 7500 BTUs Consul frio com design moderno 220V
7891129263543;Ar condicionado janela 10000 BTUs Consul frio com design moderno 110V
7891129263550;Ar condicionado janela 10000 BTUs Consul frio com design moderno 220V
7891129263598;Ar condicionado janela 12000 BTUs Consul frio com design moderno 110V
7891129263604;Ar condicionado janela 12000 BTUs Consul frio com design moderno 220V
7891129499904;Ar condicionado janela 18000 BTUs h Consul frio 220V
7891129499386;Não encontrado
7891129499393;Não encontrado
7891129263529;Ar condicionado janela 7500 BTUs Consul frio eletrônico com design moderno 110V
7891129263536;Ar condicionado janela 7500 BTUs Consul frio eletrônico com design moderno 220V
7891129263574;Julius Camiseta longline - Preto
7891129263581;Ar condicionado janela 10000 BTUs Consul frio eletrônico com design moderno 220V
7891129263512;Ar condicionado janela 7500 BTUs Consul quente e frio com design moderno 220V
7891129263567;Ar condicionado janela 10000 BTUs Consul quente e frio com design moderno 220V
7891129232044;Climatizador de Ar Consul Quente e Frio Bem Estar C1R07AB Branco
7891129232051;Climatizador Consul Bem Estar Quente e Frio
7891129232808;Climatizador Consul Bem Estar Titanium Quente e Frio
7891129207431;Coifa 90cm de Parede Gourmand Inox 220v Brastemp - BA790
7891129207615;Coifa Ilha Brastemp Gourmand BA890 100cm Inox
7891129253469;Coifa de Parede Brastemp TBOX 90cm Inox BAE90ARANA
7891129253476;Fendi Messenger shoulder bag - Nude & Neutrals
7891129253483;Coifa Tbox Ilha Brastemp 100 cm BAF10AR
7891129253490;Coifa Tbox Ilha Brastemp 100 cm BAF10AR
7891129219861;Brastemp Coifa de Parede Piramidal 60 cm 127V Preta BAI60BEANA
7891129219878;Brastemp Coifa de Parede Piramidal 60 cm 220V Preta BAI60BEBNA
7891129219984;Coifa Brastemp Piramidal 60 cm 127V BAI60BRANA
7891129219854;Coifa Brastemp Piramidal 60 cm 220V BAI60BRBNA
7891129224025;Coifa de Parede Brastemp Piramidal 90 cm 127V BAI91BRANA
7891129224032;Coifa de Parede Piramidal 90cm Brastemp Ative! BAI91BR Inox para até 6 Bocas
7891129253421;Coifa Tbox Parede Brastemp 90 cm BAE90AR
7891129253438;Coifa Tbox Parede Brastemp 90 cm BAE90AR
7891129253445;Coifa Vidro Plano Ilha Brastemp 100 cm BAV10AR
7891129253452;Coifa Vidro Plano Ilha Brastemp 100 cm BAV10AR
7891129230101;Coifa Consul Parede Facilite Piramidal Aço Inox 60cm 127V
7891129230118;Coifa Consul de Parede Piramidal 60 cm CA060BRBNA
7891129230125;Coifa Consul Parede Facilite Piramidal Aço Inox 90cm 127V
7891129230132;Coifa Consul Parede Facilite Piramidal Aço Inox 90cm 220V
7891129249844;Coifa de Parede Consul CAP60AR 60cm Inox
7891129250178;Coifa de Parede Consul CAP60AR 60cm Inox
7891129250185;Coifa de Parede Consul CAP90AR 90cm Inox
7891129250192;Coifa de Parede Consul CAP90AR 90cm Inox
7891129238091;Coifa de Ilha com Luminária Brastemp Vitreous 75 cm - 220V
7891129238084;Coifa de Parede Brastemp Vitreous 80 cm - 220V
7891129491601;Coifa de Parede Brastemp Gourmand 90cm inox com alta sucção - BAR90AR - 110V
7891129491670;Salvatore Ferragamo Gravata 'Anchor' de seda - Vermelho
7891129499126;Cooktop 2 Bocas a Gás Consul com Mesa de Vidro - CDC31AE BIVOLT
7891129481695;Salvatore Ferragamo Tênis de couro com bordado - Branco
7891129194137;Cooktop a Gás 4 Bocas Ative! Acendimento Super Automático Vidro Temperado BDD61AE Preto - Brastemp
7891129224377;Cooktop a Gás Brastemp 4 Queimadores Ative Mega Chama BDD62AEUNA
7891129194205;Cooktop à Gás 5 Bocas Brastemp Ative! BDD75AE Vidro Preto Bivolt
7891129224391;Cooktop à Gás Brastemp BDD85AE 5 Bocas Vidro Temperado
7891129110687;Cooktop Dominó Elétrico 2 Bocas Vitrocerâmico BDF30ARBNA Inox 220V - Brastemp
7891129481640;Cooktop 2 Bocas Elétrico Brastemp com Mesa Vitrocerâmica - BDF31AR - 220V
7891129481657;Cooktop Elétrico Brastemp com Grelha Churrasqueira de Ferro Fundido - BDH31AR - 220V
7891129481664;Cooktop 1 Boca de Indução Brastemp Portátil com Touch Timer com Autodesligamento - BDJ30BE
7891129481671;Cooktop 1 Boca de Indução Brastemp Portátil com Touch Timer com Autodesligamento - BDJ30BE 220V
7891129481688;Cooktop 1 Boca de Indução Brastemp com Diversos Níveis de Potência - BDJ31AR - 220V
7891129233430;Cooktop de Indução Brastemp BDJ62AEBNA 4 Bocas Vitrocerâmica 58Cm
7891129233447;Cooktop de Indução Brastemp BDJ77AEBNA 4 Bocas Vitrocerâmica 58Cm
7891129233454;Cooktop Brastemp Gourmand 4 Bocas Inox Tripla Chama 60cm 220V (BDK60)
7891129233508;Cooktop a Gas Brastemp Gourmand BDK75 5 Bocas Inox
7891129232891;Cooktop a Gás Brastemp Gourmand 5 Bocas
7891129224384;Cooktop à Gás Brastemp BDT62AE 4 Bocas Vidro Temperado
7891129224704;Cooktop a Gás Brastemp BDT85 5 Bocas Vidro Temperado Preto
7891129238343;Cooktop a Gás Brastemp Gourmand 5 Bocas
7891129212206;Cooktop 4 Bocas com Acendimento Super Automático CD060 Bivolt - Consul
7891129212213;Cooktop a Gás Consul Facilite 5 Bocas Bivolt CD075AEUNA
7891129243521;Cooktop a Gás Consul 5 bocas Quadrichama Preto BIV CDD75AE
7891129238213;Cooktop por Indução Brastemp Vitreous 4 Bocas - 220V
7891129238206;Cooktop à Gás Brastemp Vitreous 5 Bocas - 220V
7891129499300;Rangetop de embutir semiprofissional Brastemp Gourmand 6 bocas inox com chamas de alta potência e si
7891129230149;Depurador Brastemp Convencional 4 bocas 60Cm 127V BAA60EBANA
7891129230156;Depurador Brastemp Convencional 4 bocas 60Cm 220V BAA60EBBNA
7891129230163;Depurador Brastemp Convencional 6 bocas 80Cm BAA80EBANA
7891129230187;Depurador Brastemp Convencional 6 bocas 80Cm BAA80EBANA
7891129230194;Depurador Brastemp com Duto Estético 4 bocas 60Cm BAT60ARANA
7891129230200;Depurador Brastemp com Duto Estético 4 bocas 60Cm BAT60ARBNA
7891129230217;Depurador Brastemp com Duto Estético 6 bocas 80Cm BAT80ARANA
7891129230224;Depurador Brastemp com Duto Estético 6 bocas 80Cm BAT80ARBNA
7891129232501;Depurador Consul Branco 60CM 127V - CAT60GB
7891129232518;Depurador Consul Branco 60CM 220V - CAT60GB
7891129232549;Depurador Consul CAT60GR 60cm Inox
7891129232556;Depurador Consul CAT60GR 60cm Inox
7891129232525;Depurador 6 bocas Consul Branco 80CM 127V - CAT80GB
7891129232525;Depurador 6 bocas Consul Branco 80CM 127V - CAT80GB
7891129232532;Depurador 6 Bocas Consul Branco 80CM 220V - CAT80GB
7891129232563;Depurador Consul Inox 80CM 127V - CAT80GR
7891129232570;Depurador Consul CAT80GRANA 80cm Inox
7891129217003;Fogão de Piso Brastemp Ative! Timer Grill 4 bocas Acendimento Automático Dupla Chama Branco BF150ABR
7891129219229;Fogão de Piso Brastemp Ative! Timer Grill 4 bocas Acendimento Automático Dupla Chama 127V Inox - BF1
7891129219212;Fogão Brastemp Ative! BF150AR 4 Bocas Inox
7891129235557;Fogão Brastemp clean 4 Bocas Maxi Duplo Forno Branco - BFD4NABNNA
7891129235564;Fogão Brastemp clean 4 Bocas Maxi Duplo Forno Branco - BFD4NABRNA
7891129235342;Fogão de Piso Brastemp Ative Timer com duplo forno 4 Bocas Maxi com Grill Timer e Acendimento Automá
7891129235359;Fogão de Piso Brastemp Ative Timer com duplo forno 4 Bocas Maxi com Grill Timer e Acendimento Automá
7891129235403;Fogão de Piso 4 Bocas Brastemp Ative Top Glass BFD4VAR Inox Duplo Forno Dupla- Chama
7891129235410;Fogão Brastemp 4 Bocas Maxi Forno Duplo Top Glass com Grill e Timer Digital BFD4VARRNA Inox - 220V
7891129264199;Fogão Brastemp 5 Bocas Duplo Forno Branco Com Turbo Chama E Touch Timer Com Autodesligamento BFD5GCB
7891129264182;Fogão Brastemp 5 Bocas Duplo Forno Branco Com Turbo Chama E Touch Timer Com Autodesligamento BFD5GCB
7891129264151;Fogão Brastemp 5 Bocas Duplo Forno Branco Com Botões Removíveis E Exclusivo Aro Protetor BFD5NCB
7891129264144;Fogão Brastemp 5 Bocas Duplo Forno Branco Com Botões Removíveis E Exclusivo Aro Protetor BFD5NCB
7891129264168;Fogão Brastemp 5 Bocas Duplo Forno Cor Inox Com Botões Removíveis E Exclusivo Aro Protetor BFD5NCR
7891129264175;Fogão Brastemp 5 Bocas Duplo Forno Cor Inox Com Botões Removíveis E Exclusivo Aro Protetor BFD5NCR
7891129264717;Fogão Brastemp 5 Bocas Duplo Forno Cor Inox Com Mesa De Vidro E Touch Timer Com Autodesligamento BFD
7891129264700;Fogão Brastemp 5 Bocas Duplo Forno Cor Inox Com Mesa De Vidro E Touch Timer Com Autodesligamento BFD
7891129233614;Fogão 4 Bocas Brastemp Clean
7891129233621;Fogão 4 Bocas Brastemp Clean Acendimento Bfo4Naruna Inox Bvolt
7891129233638;Fogão de Piso 4 Bocas Brastemp Clean com Acendimento Automático e Timer Branco
7891129233645;Fogão de Piso 4 Bocas Brastemp Clean Timer BFO4TAR Inox Bivolt
7891129235519;Fogão à Gás Brastemp Ative Digital BFS4DAR 4 Bocas Inox
7891129235526;Fogo a Gs de Piso Brastemp  4 Bocas  Ative - BFS4DAR
7891129235366;Fogão Brastemp Ative Grill 4 Bocas Maxi Piso Inox
7891129235373;Fogão Brastemp Ative Grill 4 Bocas Maxi Piso Inox
7891129235304;Fogão Brastemp 4 Bocas Clean Maxi Acendimento Automático - BFS4N
7891129235502;Fogão Brastemp 4 Bocas Maxi Chama Rápida Inox Bivolt - BFS4NA
7891129234987;Fogão de Piso 4 Bocas Brastemp Clean Timer BFS4TAB Branco Bivolt
7891129264755;Fogão Brastemp 5 Bocas Cor Inox Forno Elétrico Com Convecção E Meat Control BFS5CCR
7891129264380;Fogão Brastemp 5 Bocas Branco Com Turbo Chama BFS5ECB
7891129264397;Fogão Brastemp 5 Bocas Cor Inox Com Turbo Chama BFS5ECR
7891129264649;Fogão Brastemp 5 Bocas Cor Inox Com Turbo Chama E Touch Timer Com Autodesligamento BFS5GCR
7891129264632;Fogão Brastemp 5 Bocas Cor Inox Com Turbo Chama E Touch Timer Com Autodesligamento BFS5GCR
7891129264373;Fogão Brastemp 5 Bocas Cor Inox Com Botões Removíveis E Exclusivo Aro Protetor - BFS5NCR
7891129264618;Fogão Brastemp 5 Bocas Branco Com Turbo Chama E Touch Timer BFS5PCB
7891129264601;Fogão Brastemp 5 Bocas Cor Inox Com Turbo Chama E Touch Timer BFS5PCR
7891129264724;Fogão Brastemp 5 Bocas Cor Inox Com Mesa De Vidro E Turbo Chama BFS5VCR
7891129264502;Fogão Brastemp 6 Bocas Branco Com Botões Removíveis E Exclusivo Aro Protetor BFS6NCB
7891129233652;Fogão de Embutir 4 Bocas Brastemp Timer Clean BYO4TAB Branco Bivolt com Acendimento Automático
7891129233669;Fogão de Embutir Brastemp 04 Queimadores Clean Inox 110V BYO4TARUNA
7891129235380;Fogão de Embutir Brastemp Ative Grill 4 Bocas Maxi Inox
7891129235397;Fogão de Embutir Brastemp Ative Grill 4 Bocas Maxi Inox
7891129264656;Fogão de Embutir Brastemp 5 Queimadores Forno Elétrico BYS5CCRRNA
7891129264625;Fogão de Embutir Brastemp 5 Bocas BYS5PCR com Turbo Chama e Touch Timer - Inox
7891129264748;Fogão de Embutir Brastemp 5 Queimadores Fulltouch BYS5VCRNNA
7891129264731;Fogão Brastemp 5 Bocas De Embutir Cor Inox Com Mesa De Vidro E Touch Timer Com Autodesligamento - BY
7891129264519;Fogão Brastemp 6 Bocas De Embutir Branco Com Botões Removíveis E Exclusivo Aro Protetor - BYS6NCB -
7891129238404;Fogão Consul CF04NAB 4 Bocas Branco
7891129238114;Fogão 4 Bocas Consul Acendimento Total Com Timer Cfo4Taruna Inox
7891129238145;Fogão Consul 4 Bocas Branco Chama Rápida com Timer Digital CFO4TAB
7891129238435;Fogão 4 Bocas Consul Chama Rapida Inox Bivolt - CFO4TAR
7891129238459;Fogão 4 Bocas Consul Mesa de Vidro Acendimento Automático CFO4VAB Branco
7891129238466;Fogão a Gás Consul CFO4VAR 4 Bocas Inox
7891129238473;Fogo a Gs de Piso Consul  4 bocas  Automtico  Timer Touch  Titnio - CFO4VAT
7891129246225;Fogão a Gás Consul CFS5NAB 5 Bocas Branco
7891129246232;Fogão a Gás Consul CFS5NAR 5 Bocas Inox
7891129246300;Fogão Piso Consul 5 Bocas Dupla Chama BIVOLT
7891129246317;Fogão a Gás Consul CFS5QAR 5 Bocas Inox
7891129249608;Fogão Piso Consul 5 Bocas Mesa de Vidro BIVOLT
7891129246645;Fogão Piso Consul 5 Bocas Mesa de Vidro Dupla Chama BIVOLT
7891129246607;Fogão Piso Consul 6 Bocas BIVOLT
7891129246614;Fogão Piso Consul 6 Bocas BIVOLT
7891129517905;Fogão Brastemp 5 Bocas preto com mesa de vidro e turbo chama BIVOLT
7891129204713;Forno de Embutir Brastemp Gourmand 67 Litros Inox 220v
7891129243828;Forno a Gás de Embutir Brastemp BOA84AERNA 78 Litros Preto 220V
7891129266216;Forno de Embutir a Gás Brastemp BOA84AR com Grill e Timer Touch Inox Espelhado 220v - 78 Litros - 22
7891129244016;Forno Elétrico de Embutir Brastemp BOC84AE 78 Litros Preto 220V
7891129265721;Forno de Embutir Brastemp Elétrico BOC84AR 84 Litros com Convecção e Timer Touch 220v - Inox Espelha
7891129232990;Forno Elétrico de Embutir Brastemp Gourmand BOC90B 105 Litros Preto e Prata 220V
7891129253315;Forno de Embutir a Gás Brastemp 78 Litros Inox Convecção e Termômetro Meat Control BOH84ARRNA
7891129255906;Forno de Embutir Elétrico Brastemp BOT84AR com Convecção e Termômetro Meat Control Inox - 84 Litros
7891129251212;Forno a Gás de Embutir Consul 220V
7891129244009;Forno Elétrico de Embutir Consul COB84AR 78 Litros Prata 220V
7891129238220;Forno Elétrico de Embutir Brastemp Vitreous - 220V
7891129266803;Forno de embutir elétrico Brastemp Gourmand 73 litros inox com função convecção e meat control - BOC
7891129266827;Forno de embutir elétrico a vapor Brastemp Gourmand 34 litros inox com cozimento a baixa temperatura
7891129499508;Forno de embutir elétrico Consul 47 litros prata com dourador e timer autodesligamento - COB47AR 220
7891129253780;Freezer Horizontal Consul 220L
7891129253797;Freezer Horizontal Consul 213 Litros Branco - CHA22EB
7891129254107;Freezer 305 Litros Consul 1 Tampa Classificação A CHA31
7891129254114;Freezer 305 Litros Consul 1 Tampa Classificação A CHA31
7891129254121;Freezer Consul 404L com 2 Tampas Classe A CHB42EB
7891129254138;Freezer Horizontal Consul 404 Litros Branco - CHB42EB
7891129254145;Freezer Consul 519L com 2 Tampas Classe A CHB53EB
7891129254152;Freezer Horizontal Duas Portas Consul 519L 220V - CHB53EB
7891129210103;Freezer Vertical Brastemp Clean BVG24HB 197 Litros 1 Porta Frost Free Branco
7891129209893;Freezer Vertical Brastemp Clean BVG24HB 197 Litros 1 Porta Frost Free Branco
7891129252417;Freezer Vertical Brastemp Flex Frost Free 229 Litros 110V
7891129252424;Freezer 228 Litros Brastemp Frost Free Vertical Classe A BVR28MBANA
7891129252431;Freezer Vertical Brastemp Flex Frost Free 228 Litros 110V
7891129252448;Freezer Vertical Brastemp Flex Frost Free 228 Litros Inox - BVR28MK
7891129130012;Freezer Vertical Consul Compacto 66 Litros Branco CVT10BBANA
7891129130029;Freezer Vertical Consul Compacto 66 Litros Branco CVT10BBBNA
7891129196209;Freezer Vertical Consul 121 Litros com Compartimento Extra Frio Branco CVU18GBANA
7891129196216;Freezer Vertical Consul 121 Litros com Compartimento Extra Frio Branco CVU18GBBNA
7891129196223;Freezer Vertical Consul CVU20GB Slim 142 Litros 1 Porta Degelo Manual Branco
7891129196230;Freezer Vertical Consul CVU20GB Slim 142 Litros 1 Porta Degelo Manual Branco
7891129208834;Freezer Consul 1 Porta Vertical 231 Litros Branco Cycle Defrost
7891129208759;Freezer Vertical Consul 231 Litros Branco CVU26EBBNA
7891129208711;Freezer Vertical Consul Facilite 246 Litros CVU30EB Branco
7891129208919;Freezer Vertical Consul Facilite 246 Litros CVU30EB Branco
7891129266841;Gaveta Aquecida de embutir Brastemp Gourmand inox com capacidade de até 25kg - BOE15AR - 220V
7891129499263;Lava e Seca Brastemp 10kg 6kg branca Água Quente com Ciclo Tira Manchas Pro e Ciclo 1h Pronto para V
7891129499270;Red Valentino cropped ruffle trim halterneck - Nude & Neutrals
7891129499409;Lava e Seca Brastemp 10kg 6kg prata Água Quente com Ciclo Tira Manchas Pro e Ciclo 1h Pronto para Ve
7891129499416;Lava e Seca Brastemp 10kg 6kg prata Água Quente com Ciclo Tira Manchas Pro e Ciclo 1h Pronto para Ve
7891129252608;Lavadora Brastemp Dual Wash 15Kg
7891129255807;Lavadora Brastemp 15Kg Dual Wash Grafie 220v BWD15A9
7891129251434;Lavadora de Roupas Brastemp 15kg BWD15AB Branca Double Wash
7891129251441;Lavadora de Roupas Brastemp 15kg BWD15AB Branca Double Wash
7891129209336;Lavadora de Roupas Automática Brastemp 11KG - BWG11
7891129209343;Lavadora de Roupas Brastemp Ative! 11Kg Painel Smart Touch Fast Cycle Inox 220V BWG11ARBNA
7891129244030;Lavadora de Roupas Automática 12Kg Brastemp 127V Branca - BWH12AB
7891129244047;Lavadora de Roupas Brastemp 12Kg Branca BWH12AB
7891129234468;Lavadora de Roupas Automática 15KG Brastemp BWH15AB
7891129234901;Lavadora Brastemp 15 KG 7 Programas de Lavagem BWH15AB
7891129243910;Lavadora de Roupas Brastemp BWJ09A 9 Kg Branca Enxágue Duplo
7891129246027;Lavadora de Roupas Brastemp BWJ09A 9 Kg Branca Enxágue Duplo
7891129232839;Lavadora Brastemp 11Kg 110V
7891129232846;Lavadora de Roupas Brastemp 11 kg BWJ11AB com Turbo Performance – Branca
7891129232846;Lavadora de Roupas Brastemp 11 kg BWJ11AB com Turbo Performance – Branca
7891129237711;Lavadora de Roupas Brastemp 11kg BWK11A Turbo Performance
7891129237728;Lavadora de Roupas Brastemp Ative! BWK11AB 11Kg Branca Turbo Performance
7891129234970;Lavadora de Roupas Brastemp BWN15 15Kg Platinum Evox
7891129241961;Lavadora BWQ12 Água Quente 12 kg Brastemp
7891129241992;Lavadora BWQ12 Água Quente 12 kg Brastemp
7891129234956;Lavadora BWS15 15Kg Branco Brastemp
7891129241930;Lavadora BWT12 12 kg Branco Brastemp
7891129241985;Lavadora BWT12 12 kg Branco 220V - Brastemp
7891129223776;Lavadora de Roupas Consul 8Kg CWC08AB - Branca
7891129251298;Lavadora Consul 13Kg Maxi Economia
7891129251748;Lavadora Consul 13Kg Maxi Economia
7891129238268;Lavadora Consul 15 Kg
7891129238275;Lavadora Consul 15 Kg
7891129234314;Lavadora de Roupas 16kg Consul CWL16AB
7891129234321;Brastemp Lavadora de Roupas Automática Consul 16kg 220v - CWL16AB
7891129251342;Lavadora de Roupas Consul 11kg CWS11AB Branca com Duplo Enxágue
7891129251359;Lavadora de Roupas Consul 12kg CWS12AB Branca 16 Programas de Lavagem
7891129251731;Lavadora de Roupas Consul 12kg CWS12AB Branca 16 Programas de Lavagem
7891129267466;Bally Smash shoulder bag - Amarelo E Laranja
7891129267473;Lavadora Consul 12kg - CWH12AB
7891129267503;Lavadora Consul 8kg - CWB08AB
7891129268302;Lavadora Consul 8kg - CWB08AB
7891129267657;Lavadora Consul 9kg - CWB09AB
7891129267664;Lavadora Consul 9kg - CWB09AB
7891129267671;Lavadora Consul 11kg - CWH11AB
7891129267688;Lavadora Consul 11kg - CWH11AB
7891129502819;Máquina de Lavar Brastemp 15kg titânio com Ciclo Edredom Especial e Enxágue Anti- Alérgico - BWN15AT
7891129502826;Ps By Paul Smith slim fit jeans - Preto
7891129498204;Máquina de Lavar Brastemp 12Kg branca com Ciclo Tira Manchas Advanced e Ciclo Antibolinha 110V
7891129498600;Máquina de Lavar Brastemp 12Kg branca com Ciclo Tira Manchas Advanced e Ciclo Antibolinha 220V
7891129498419;Máquina de Lavar Brastemp 12Kg branca Água Quente com Ciclo Tira Manchas Pro e Ciclo Antibolinha 110
7891129500020;Máquina de Lavar Brastemp 12Kg branca Água Quente com Ciclo Tira Manchas Pro e Ciclo Antibolinha 220
7891129498525;Máquina de Lavar Brastemp 12Kg titânio com Ciclo Tira Manchas Advanced e Ciclo Antibolinha 110V
7891129498679;Máquina de Lavar Brastemp 12Kg titânio com Ciclo Tira Manchas Advanced e Ciclo Antibolinha 220V
7891129500044;Máquina de Lavar Brastemp 12Kg titânio Água Quente com Ciclo Tira Manchas Pro e Ciclo Antibolinha 11
7891129500051;Máquina de Lavar Brastemp 12Kg titânio Água Quente com Ciclo Tira Manchas Pro e Ciclo Antibolinha 22
7891129498303;Máquina de Lavar Brastemp 14Kg branca com Ciclo Tira Manchas Advanced e Ciclo Antibolinha 110V
7891129498310;Máquina de Lavar Brastemp 14Kg branca com Ciclo Tira Manchas Advanced e Ciclo Antibolinha 220V
7891129499379;Máquina de Lavar Consul 14Kg branca com Dosagem Extra Econômica e Ciclo Edredom 110V
7891129500037;Máquina de Lavar Consul 14Kg branca com Dosagem Extra Econômica e Ciclo Edredom 220V
7891129207370;Lava- Louças Brastemp Ative! 8 Serviços Compacta BLF08 Branca
7891129204829;Lava- Louças Brastemp Ative! 8 Serviços e 5 Ciclos Pré- Programados 220V BLF08ABBNA
7891129204836;Lava- Louças Brastemp Ative! 8 Serviços Painel Digital 5 Ciclos Pré- Programados 127V BLF08ASANA
7891129205741;Lava- Louças Brastemp Ative! 8 Serviços Painel Digital 5 Ciclos Pré- Programados 220V BLF08ASBNA
7891129234291;Lava- louças Brastemp 10 Serviços Painel Touch Branca 127V BLF10ABANA
7891129234604;Lava- louças BLF10 Branca 10 serviços Brastemp
7891129234628;Lava- louça Brastemp 10 Serviços com Painel Touch Espelhado 127V BLF10ASANA
7891129234635;Lava- louça Brastemp BLF10ASANA 10 Serviços
7891129253629;Lava- Louças Brastemp 14 Serviços BLF14AB Branca
7891129253711;Lava- Louças Brastemp 14 Serviços BLF14AB Branca
7891129253759;Lava- Louças Brastemp 14 Serviços BLF14AE Preta
7891129253766;Fendi Carteira de couro - Rosa
7891129253735;Lava- Louças Brastemp 14 Serviços BLF14AR Inox
7891129253742;Lava- Louças Brastemp 14 Serviços BLF14AR Inox
7891129240100;Lava-Louças de Embutir Brastemp Vitreous 14 Serviços - 110V
7891129499515;Lava- Louça Brastemp Gourmand Inox com 14 Serviços  05 Programas de Lavagem - BLB14FR
7891129501911;Lava- Louças 10 Serviços Brastemp Branco com Ciclo Pesado - BLF10BB 110V
7891129501904;Lava- Louças 10 Serviços Brastemp Branco com Ciclo Pesado - BLF10BB 220V
7891129501928;Lava- Louças 10 Serviços Brastemp Cor Inox com Ciclo Pesado - BLF10BR 110V
7891129501935;Lava- Louças 10 Serviços Brastemp Cor Inox com Ciclo Pesado - BLF10BR 220V
7891129268524;Máquina de Bebidas Brastemp B.blend com purificador - Roxo - BPG40C2
7891129268531;Máquina de Bebidas Brastemp B.blend com purificador - Roxo - BPG40C2
7891129268548;Máquina de Bebidas Brastemp B.blend com purificador - Branco - BPG40CB
7891129268555;Máquina de Bebidas Brastemp B.blend com purificador - Branco - BPG40CB
7891129268562;Máquina de Bebidas Brastemp B.blend com purificador - Preto - BPG40CE
7891129268579;Máquina de Bebidas Brastemp B.blend com purificador - Preto - BPG40CE
7891129268586;Máquina de Bebidas Brastemp B.blend com purificador - Grafite - BPG40CQ
7891129268593;Máquina de Bebidas Brastemp B.blend com purificador - Grafite - BPG40CQ
7891129268609;Máquina de Bebidas Brastemp B.blend com purificador - Vermelho - BPG40CV
7891129268616;Máquina de Bebidas Brastemp B.blend com purificador - Vermelho - BPG40CV
7891129250444;Fendi Carteira de couro 'F' - Grey
7891129250451;Fendi continental F wallet - Rosa
7891129250468;Fendi Continental wallet - Pink & Purple
7891129250475;Fendi Carteira de couro - Nude & Neutrals
7891129501713;Micro- ondas Brastemp 20 Litros cor Inox Espelhado com Funções Pré- preparo - BMS20AR 220V
7891129501706;Micro- ondas Brastemp 20 Litros cor Inox Espelhado com Funções Pré- preparo - BMS20AR 110V
7891129250871;Micro- ondas com Grill Brastemp 32 Litros Preto BMG45AE
7891129250888;Fendi Carteira tripla de couro - Cinza
7891129250857;Micro- ondas com Grill Brastemp 32 Litros Inox BMG45AR
7891129250864;Micro- ondas com Grill Brastemp 32 Litros Inox BMG45AR
7891129220454;Microondas Brastemp Ative! 38 Litros
7891129220461;Micro- ondas Brastemp Ative! 38 Litros Inox com Função Grill BMJ38ARBNA
7891129230866;Micro- ondas de Embutir Brastemp Gourmand 40L Inox BMO40ARBNA
7891129241206;Forno Elétrico de Mesa com Micro- ondas Brastemp Gourmand BMR31 31L Preto 220V
7891129250307;Micro- ondas Brastemp 32 Litros Branco BMS45CB
7891129250314;Micro- ondas Brastemp 32 Litros Branco BMS45CB
7891129250499;Micro- ondas Brastemp 32 Litros Inox Espelhado BMS45CR
7891129250802;Micro- ondas Brastemp 32 Litros Inox Espelhado BMS45CR
7891129220423;Forno de micro- ondas Consul CM020 com Menu Uso FáciL - 20 L
7891129220430;Micro ondas 20 Consul Com Puxador Na Porta Cm020bfbna
7891129219748;Microondas 20L Consul Branco com puxador na porta CMA20
7891129219755;Micro- ondas 20 Litros CMA20 Branco - Consul
7891129250215;Micro- ondas Consul 32 Litros Branco CMS45AB
7891129250208;Micro- ondas Consul 32 Litros Branco CMS45AB
7891129250819;Micro- ondas Consul 32 Litros Inox Espelhado CMS45AR
7891129250826;Micro- ondas Consul 32 Litros Inox Espelhado CMS45AR
7891129238237;Micro-ondas de Embutir Brastemp Vitreous 40 Litros - 220V
7891129266834;Department 5 Calça modelagem cenoura - Branco
7891129186651;Kit com 3 Refis de Purificador de Agua Consul CIX01AX
7891129223769;Refil/Filtro CIX03AX para Purificador de Água de Torneira Facilite para Modelos CPE15 - Consul
7891129223875;Pack com 2 Refis/Filtros CIX02AX para Purificador de Água Portátil Facilite Modelo CPF25 - Consul
7891129224285;Pack com 2 Refis/Filtros CIX03AX para Purificador de Água de Torneira Facilite para Modelos CPE15 -
7891129236417;Bebedouro Consul Branco Natural Frio 127V 20L - CJD20AB
7891129236424;Bebedoura Consul - Mesa Branco Natural/Frio 220V 20L - CJD20AB
7891129247109;Purificador de Água Consul Placa Eletrônica
7891129247116;Purificador de Água Natural e Gelada Consul CPB34AF Bivolt Cinza
7891129251335;Purificador de Água Consul Branco CPB34AS - Bivolt
7891129223899;Purificador Consul Bem Estar Refrigerado
7891129224209;Purificador Consul Bem Estar Refrigerado - Branco 220v
7891129224087;Purificador de Agua Consul CPB36 Titanium com Protecao Antibacteriana
7891129224094;Purificador de Agua Consul CPB36 Titanium com Protecao Antibacteriana
7891129186101;Purificador de água Bem Estar CPC30AB - Eficiência Bacteriológica Consul
7891129219205;Purificador de água Bem Estar CPC30AF - Eficiência Bacteriológica Consul
7891129247123;Purificador de Água Consul
7891129247130;Purificador de Água Consul Cinza
7891129499737;Geladeira Consul Frost Free Duplex 397 litros Branca com freezer embaixo 110V
7891129499744;Geladeira Consul Frost Free Duplex 397 litros Branca com freezer embaixo 220V
7891129499751;Geladeira Consul Frost Free Duplex 397 litros Evox com freezer embaixo 110V
7891129499768;Geladeira Consul Frost Free Duplex 397 litros Evox com freezer embaixo 220V
7891129514218;Geladeira Consul Frost Free Duplex 340 litros Branca com Prateleiras Altura Flex 110V
7891129514225;Geladeira Consul Frost Free Duplex 340 litros Branca com Prateleiras Altura Flex 220V
7891129514232;Geladeira Consul Frost Free Duplex 340 litros Evox com Prateleiras Altura Flex 110V
7891129514249;Geladeira Consul Frost Free Duplex 340 litros Evox com Prateleiras Altura Flex 220V
7891129186248;Frigobar Brastemp BRA08AE Retrô 76 Litros com Porta Latas Preto
7891129192720;Frigobar Brastemp BRA08AE Retrô 76 Litros com Porta Latas Preto
7891129170858;Frigobar Brastemp Retrô BRA08AV 76 Litros Vermelho
7891129187719;Frigobar Brastemp Retrô BRA08AV 76 Litros Vermelho
7891129245747;Frigobar Brastemp Retrô 76 L Ice White 110V
7891129245754;Frigobar Brastemp Retrô 76 L Ice White
7891129245761;Frigobar Brastemp Retrô 76 L Marsala Wine 110V
7891129245778;Frigobar Brastemp Retrô 76 L Marsala Wine 220V
7891129245709;Frigobar Brastemp Retrô BRA08BY 68 Litros Amarelo
7891129245716;Frigobar Brastemp Retrô BRA08BY 68 Litros Amarelo
7891129245723;Frigobar Brastemp Retrô 76 L Midnight Blue 110V
7891129245730;Frigobar Brastemp Retrô 76 L Midnight Blue
7891129252899;Frigobar Brastemp 120 Litros Inox BRC12XKANA
7891129253209;Frigobar Brastemp 120 Litros Inox BRC12XK
7891129252035;Refrigerador Brastemp Inverse Frost Free BRE57AB 443 Litros 2 Portas Branco
7891129252042;Refrigerador Brastemp Inverse Frost Free BRE57AB 443 Litros 2 Portas Branco
7891129252059;Refrigerador Brastemp Inverse Inox Frost Free BRE57AK 443 Litros 2 Portas
7891129252066;Refrigerador Brastemp Inverse Inox Frost Free BRE57AK 443 Litros 2 Portas
7891129252073;Refrigerador | Geladeira Brastemp Frost Free 2 Portas 478 Litros Branca - BRE58AB
7891129252080;Geladeira Brastemp Inverse Frost Free 478 litros
7891129252097;Refrigerador Brastemp Inverse Inox Frost Free BRE58AK 478 Litros 2 Portas
7891129252103;Refrigerador Brastemp Inverse Inox Frost Free BRE58AK 478 Litros 2 Portas
7891129252110;Refrigerador Brastemp Inverse Frost Free BRE59AB 460 Litros 2 Portas Branco
7891129252127;Refrigerador Brastemp Inverse Frost Free BRE59AB 460 Litros 2 Portas Branco
7891129252158;Geladeira Brastemp Inverse Frost Free 460 litros
7891129252165;Refrigerador Brastemp Inverse Frost Free BRE59AE 460 Litros 2 Portas Preto
7891129252134;Refrigerador | Geladeira Brastemp Frost Free 2 Portas 460 Litros Evox - BRE59AK
7891129252141;Refrigerador Brastemp Inverse Inox Frost Free BRE59AK 460 Litros 2 Portas
7891129206205;Geladeira/Refrigerad- or 2 Portas Brastemp Inverse Maxi Frost Free 573L com Iluminaçao de Led e Smar
7891129206212;Geladeira/Refrigerad- or 2 Portas Brastemp Inverse Maxi Frost Free 573L com Iluminaçao de Led e Smar
7891129236707;Geladeira/Refrigerad- or Brastemp Ative! BRE80AK 573 Litros 2 Portas Frost Free Platinum Evox
7891129236714;Geladeira/Refrigerad- or Brastemp Ative! BRE80AK 573 Litros 2 Portas Frost Free Platinum Evox
7891129252707;Geladeira Brastemp Frost Free 375 litros BRM44HB
7891129252714;Geladeira Brastemp Frost Free 375 litros BRM44HB
7891129252721;Geladeira Brastemp Frost Free 375 litros BRM44HK
7891129252738;Geladeira Brastemp Frost Free 375 litros BRM44HK
7891129252745;Geladeira Brastemp Frost Free 375 litros BRM45HB
7891129252752;Geladeira Brastemp Frost Free 375 litros BRM45HB
7891129252769;Geladeira Brastemp Frost Free 375 litros BRM45HK
7891129252776;Geladeira Brastemp Frost Free 375 litros BRM45HK
7891129252820;Refrigerador Brastemp Frost Free BRM54HB 400 Litros 2 Portas Branco
7891129252837;Refrigerador Brastemp Frost Free BRM54HB 400 Litros 2 Portas Branco
7891129252844;Refrigerador Brastemp Inox Frost Free BRM54HK 400 Litros 2 Portas
7891129252851;Refrigerador Brastemp Inox Frost Free BRM54HK 400 Litros 2 Portas
7891129250086;Refrigerador Brastemp Frost Free BRM56AB 462 Litros 2 Portas Branco
7891129250093;Refrigerador Brastemp Frost Free BRM56AB 462 Litros 2 Portas Branco
7891129251571;Refrigerador | Geladeira Brastemp Frost Free 2 Portas 462 Litros Evox - BRM56AK
7891129251588;Geladeira Brastemp Frost Free 462 litros
7891129251595;Geladeira Brastemp Frost Free 500 litros
7891129251908;Geladeira Brastemp Frost Free 500 litros
7891129251915;Geladeira Brastemp Frost Free 500 litros
7891129251922;Geladeira Brastemp Frost Free 500 litros
7891129251939;Refrigerador Brastemp Inverse Frost Free BRE58AB 478 Litros 2 Portas Branco
7891129251946;Geladeira Brastemp Frost Free 500 litros
7891129251670;Geladeira Brastemp Frost Free 500 litros
7891129251687;Geladeira Brastemp Frost Free 500 litros
7891129251694;Geladeira Brastemp Inverse Frost Free 478 litros
7891129252004;Geladeira Brastemp Inverse Frost Free 478 litros
7891129252011;Refrigerador Brastemp Inox Frost Free BRM59AK 478 Litros 2 Portas
7891129252028;Geladeira Brastemp Inverse Frost Free 478 litros
7891129219915;Frigideira Inox 30 cm - Tramontina 62820/303
7891129219922;Geladeira- Refrigerador Brastemp Frost Free French Door Side Inverse 540 Litros Ative! - BRO80ABBNA
7891129219946;Geladeira- Refrigerador Brastemp Frost Free French Door Side Inverse 540 Litros Ative! Preta
7891129219953;Geladeira- Refrigerador Brastemp Frost Free French Door Side Inverse 540 Litros Ative! Preta
7891129219939;Geladeira- Refrigerador Brastemp Frost Free French Door Side Inverse 540 Litros Ative! Platinum - BR
7891129220010;Geladeira Frost Free Syde Inverse 3 Portas 540L Platinum Brastemp
7891129200913;Geladeira Brastemp Frost Free Ative! Side by Side 560L com Dispenser de Água Branca
7891129200920;Geladeira/Refrigerad- or Side by Side Brastemp Ative! BRS62CB 560 litros 2 portas Frost Free Branco
7891129200708;Geladeira Brastemp Frost Free Side by Side 560L com Dispenser de Água Inox BRS62CRANA
7891129200906;Geladeira Brastemp Frost Free Side by Side 560L com Dispenser de Água Inox BRS62CRBNA
7891129242722;Geladeira Brastemp Gourmand Side By Side 539 Litros
7891129264274;Geladeira Brastemp Inverse 3 Frost Free 419 litros Preto com Freeze Control Pro - BRY59AE
7891129264281;Geladeira Brastemp Inverse 3 Frost Free 419 litros Preto com Freeze Control Pro - BRY59AE
7891129264250;Geladeira Brastemp Inverse 3 Frost Free 419 litros cor Inox com Freeze Control Pro - BRY59AK
7891129264267;Geladeira Brastemp Inverse 3 Frost Free 419 litros cor Inox com Freeze Control Pro - BRY59AK
7891129124714;Frigobar Brastemp 76 Litros com Porta de Vidro BZA08A Preto
7891129124721;Frigobar Brastemp 76 Litros com Porta de Vidro BZA08A Preto
7891129171282;Frigobar Brastemp 120 Litros Porta Vidro BZA12AFANA
7891129171299;Frigobar Brastemp Club 120L Cinza com Porta de Vidro Espelhado BZA12AF
7891129253858;Adega Brastemp Climatizada 28 Garrafas
7891129253872;Adega Climatizada Brastemp 28 Garrafas
7891129212015;Adega Climatizada Brastemp BZB31A 31 Garrafas
7891129212022;Adega Climatizada Brastemp BZB31A 31 Garrafas
7891129253520;Adega Brastemp Dual Zone 33 Garrafas
7891129253537;Adega Brastemp Dual Zone 33 Garrafas
7891129253544;Adega Brastemp Gourmand Dual Zone 51 Garrafas
7891129253551;Adega Brastemp Gourmand Dual Zone 51 Garrafas
7891129203549;Adega Climatizada Brastemp 12 Garrafas
7891129203556;Adega Climatizada Brastemp All Black 12 Garrafas Preta BZC12BEBNA
7891129186408;Geladeira Consul Degelo Seco 1 Porta 261L Branco CRA30FBANA
7891129186415;Geladeira Consul Degelo Seco 1 Porta 261L Branco CRA30FBBNA
7891129180567;Geladeira Consul Facilite Frost Free 300 Litros CRB36ABANA
7891129180574;Refrigerador 300L Consul 1 Porta Frost Free Classe A CRB36 Branco 220V
7891129245808;Não encontrado
7891129243200;Não encontrado
7891129184657;Banco 3 Lugares Madeira e Base Fundida Tramontina 13774/196
7891129185418;Geladeira Consul Facilite Frost Free 342 Litros CRB39ABBNA
7891129245471;Geladeira Consul Frost Free 342 Litros Evox
7891129245488;Refrigerador/Geladei- ra Consul  1 Porta  Frost Free  342L  Evox - CRB39AK
7891129224049;Frigobar 80 Litros Consul CRC08C Branco Com Porta Latas
7891129224056;Frigobar 80 Litros Consul CRC08C Branco Com Porta Latas
7891129224063;Frigobar Consul com Porta- Latas CRC12C 120 Litros Branco
7891129224070;Frigobar Consul 120 Litros Branco CRC12CBBNA
7891129195264;Caçarola Cocotte Azul 10 Cm Lyon Design Collection 20940 110 Tramontina
7891129195271;Caçarola 22 cm Tramontina Design Collection Lyon 20940/722 Vermelha
7891129219410;Geladeira Duplex Consul 334 Litros
7891129219427;Geladeira Duplex Consul 334 Litros
7891129195448;Caçarola Cocotte 10 cm Tramontina Design Collection Lyon 20940/210 Verde
7891129195455;Conjunto Potenza 5 Peças Branco com Vermelho Tramontina 10630 035
7891129230279;Geladeira/Refrigerad- or Consul CRD46AB 415 Litros 2 Portas Branco
7891129230286;Geladeira/Refrigerad- or Consul CRD46AB 415 Litros 2 Portas Branco
7891129230293;Estação de Corte Redonda Gourmandise Tramontina 13009/450
7891129230606;Estação de Corte Retangular Gourmandise Tramontina 13011/450
7891129230613;Geladeira/Refrigerad- or Consul CRD49AK 450 Litros 2 Portas Com Defrost Evox
7891129230620;Geladeira/Refrigerad- or Consul CRD49AK 450 Litros 2 Portas Com Defrost Evox
7891129246508;Refrigerador 275 litros Consul 2 Portas Frost Free Classe A Branco
7891129246515;Geladeira Consul Frost Free 275 Litros
7891129246522;Geladeira Consul Frost Free 275 Litros Evox
7891129246539;Geladeira Consul Frost Free 275 Litros Evox
7891129246546;Refrigerador Consul CRM38NB 340L 2 Portas Frost Free Branco
7891129246553;Refrigerador Consul CRM38NB 340L 2 Portas Frost Free Branco
7891129246560;Refrigerador Consul CRM38NK 340L 2 Portas Frost Free Evox
7891129246577;Refrigerador Consul CRM38NK 340L 2 Portas Frost Free Evox
7891129246584;Geladeira Consul Frost Free 386 Litros
7891129246591;Geladeira Consul Frost Free 386 Litros
7891129246713;Geladeira Consul Frost Free 386 Litros Evox
7891129246720;Refrigerador 386L Consul 2 Portas Frost Free Classe A CRM43 Branco
7891129246737;Refrigerador 386L Consul 2 Portas Frost Free Classe A CRM43 Branco
7891129246744;Refrigerador 386L Consul 2 Portas Frost Free Classe A CRM43
7891129246751;Refrigerador 386L Consul 2 Portas Frost Free Classe A CRM43
7891129215832;Geladeira- Refrigerador Consul CRM45 407 Litros Duplex Frost Free
7891129215849;Refrigerador Consul Bem Estar CRM45B Frost Free com Compartimento Extra Frio 407L - Branco
7891129215856;Geladeira Consul Bem Estar Frost Free Duplex 405 Litros Painel Digital Touch CRM51ABANA
7891129215863;Conjunto de Facas PROCHEF 14 Peças Design Collection 24199 050 Tramontina
7891129215870;Bandeja Namoa Aço Inox Retangular - Tramontina 61500/380
7891129215887;Bandeja Namoa Aço Inox Retangular Tramontina 6150 /440
7891129242821;Refrigerador 441L Consul 2 Portas Frost Free - CRM54
7891129242814;Refrigerador 441L Consul 2 Portas Frost Free - CRM54
7891129252400;Geladeira Consul Frost Free 441 Litros Evox 110V
7891129252509;Refrigerador Consul CRM54BK Frost Free Duplex 441L - Inox
7891129216136;Geladeira Consul Frost Free Duplex 437L Bem Estar Painel Digital CRM55ABANA
7891129216143;Geladeira Consul Frost Free Duplex 437L Bem Estar Painel Digital CRM55ABBNA
7891129216150;Geladeira Consul Frost Free Duplex 437L Bem- Estar com Painel Touch Inox
7891129216167;Geladeira Consul Frost Free Duplex 437L Bem- Estar com Painel Touch Inox CRM55AKBNA
7891129224216;Cervejeira 82 Litros Consul 75 Latas Frost Free Czd12Atana
7891129224223;Caçarola Funda Inox 16cm Tramontina 62944/163
7891129222717;Cervejeira 82 Litros Consul 75 Latas Frost Free - Czd12Atana
7891129222724;Caldeirão com Cabo 16cm Inox Tramontina 62947/163
7891129222748;Cervejeira Consul CZD12AL Porta de Metal e Vidro Frost Free Amarela 127V
7891129222779;Cervejeira 82 Litros Consul 75 Latas Frost Free Czd12Atana
7891129265615;Cervejeira Consul smartbeer_ Carbono - CZE12AE
7891129265622;Cervejeira Consul smartbeer_ Carbono - CZE12AE
7891129265653;Cervejeira Consul Smartbeer Cubos - Edição Limitada - CZE12AF
7891129265660;Cervejeira Consul smartbeer_ Cubos - Edição Limitada - CZE12AF
7891129265639;Cervejeira Consul Smartbeer Budweiser - Edição Limitada - CZE12AV
7891129265646;Cervejeira Consul smartbeer_ Budweiser - Edição Limitada - CZE12AV
7891129243514;Geladeira Brastemp Vitreous Frost Free 540 Litros 110V
7891129239906;Geladeira Brastemp Vitreous Frost Free 540 Litros 220V
7891129491632;Geladeira Brastemp Gourmand Frost Free Side Inverse 540 litros Inox com Ice Maker - BRO81AR
7891129491717;Geladeira Brastemp Gourmand Frost Free Side Inverse 540 litros Inox com Ice Maker - BRO81AR 220V
7891129246935;Não encontrado
7891129246928;Não encontrado
7891129520806;Não encontrado
7891129520813;McQ Alexander McQueen Moletom com estampa gráfica - Preto
7891129520844;McQ Alexander McQueen Moletom com patch de logo - Preto
7891129520851;McQ Alexander McQueen Moletom com estampa de logo - Preto
7891129520820;McQ Alexander McQueen Moletom com estampa gráfica - Amarelo E Laranja
7891129520837;McQ Alexander McQueen Moletom com estampa gráfica - Grey
7891129520868;McQ Alexander McQueen Jaqueta com patch - Preto
7891129520875;McQ Alexander McQueen Moletom com padronagem - Branco
7891129188907;Conjunto de Garfos 6 Peças 21399 414 Tramontina
7891129188914;Secadora de Roupas Ative! 10kg BSI10A Branca - Brastemp
7891129188808;Brastemp Secadora de Roupas 10Kg Ative BSR10ABBNA
7891129188815;Brastemp Secadora de Roupas 10Kg Ative BSR10ABBNA
7891129188921;Secadora de Piso Ative! 10Kg Inox 110V - Brastemp
7891129188938;Secadora de Piso Ative! 10Kg Inox 220V - Brastemp
7891129244405;Ar Condicionado Split On Off 7000 Btus Frio Monofásico Consul CBA07CBBNA
7891129244412;Condicionador de Ar Split Consul On- Off 7.000 Btus Frio - Und. Externa - CBB07CB
7891129244429;Ar Condicionado Split HW Consul 9.000 BTUs Só Frio
7891129244436;Ar Condicionado Split 9000 BTUs Consul Frio CBB09CB
7891129244467;Ar Condicionado Split HW Consul 12.000 BTUs Só Frio
7891129244474;Ar Condicionado Split 12000 BTUs Consul Frio CBB12CB
7891129244504;Ar Condicionado Split Consul On/Off 18000 Btu Frio 220V
7891129244511;Ar Condicionado Split 18000 BTUs Consul Frio CBB18CB
7891129244542;Não encontrado
7891129244559;Ar Condicionado Split 22000 BTUs Consul Frio CBB22CB
7891129244443;Ar condicionado split 9000 BTUs/h Consul quente e frio com função mais econômico - Und. Interna - CB
7891129244450;Ar Condicionado Split 9000 BTUs Consul Quente e Frio CBC09CB
7891129244481;Não encontrado
7891129244498;Ar Condicionado Split 12000 BTUs Consul Quente e Frio CBD12CB
7891129244528;Adidas By Raf Simons Tênis 'Spirit low Asymm' - Green
7891129244535;Ar Condicionado Split 18000 BTUs Consul Quente e Frio CBD18CB
7891129244566;Ea7 Emporio Armani front logo T- shirt - Azul
7891129244573;Ea7 Emporio Armani logo printed track shorts - Grey
7891129244580;Ar Condicionado Split Inverter 9000 Btus Frio Monofásico Consul CBG09DBBNA
7891129244597;Ar Condicionado Split Inverter 9000 BTUs Consul Frio CBG09DB
7891129244610;Ar Condicionado Split Inverter 12000 Btus Frio 220v Monofásico Consul CBF12DBBNA
7891129244627;Ar Condicionado Split Inverter 12000 BTUs Consul Frio 220v CBG12DB
7891129244658;Ar Condicionado Split Consul Inverter 18000 Btu/h Frio
7891129244665;Ar Condicionado Split Inverter 18000 BTUs Consul Frio CBG18DB
7891129244696;Ar Condicionado Split Inverter 9000 Btus Quente Frio 220v Monofásico Consul CBJ09DBBNA
7891129244702;Ar Condicionado Split Hi- Wall Consul Inverter 22.000 BTUs Frio 220V
7891129210165;Ar Condicionado Split Quente e Frio Consul  9.000 BTUS  Inverter - CBJ09DB
7891129244603;Ar Condicionado Split Inverter 9000 BTUs Consul Quente e Frio CBM09DB
7891129244634;Ar Condicionado Split Quente e Frio Consul  12.000 BTUS  Inverter - CBJ12DB
7891129244641;Ar Condicionado Split Hi- Wall Consul Inverter 12.000 BTUs Quente/Frio 220V
7891129244672;Ar Condicionado Split Hw Inverter Consul 18000 Btus Quente/Frio Monofásico CBJ18DBBNA
7891129244689;Ar Condicionado Split Inverter 18000 BTUs Consul Quente e Frio CBM18DB
7891129244719;Ar Condicionado Split Hw Inverter Consul 22000 Btus Quente/Frio 220v Monofásico CBJ22DBBNA
7891129244733;Ar Condicionado Split Hi- Wall Consul Inverter 22.000 BTUs Quente/Frio 220V
7891129244740;Ar Condicionado Split Consul 9000 Btu/h Frio
7891129243309;Ar Condicionado Split Hi- Wall Consul R410- A 9.000 BTUs Frio 220V
7891129244764;Ar Condicionado Split Consul 12000 Btu/h Frio
7891129243316;Ar Condicionado Split Hi- Wall Consul R410- A 12.000 BTUs Frio 220V
7891129244788;Ar Condicionado Split On/Off 18000 Btus Frio Consul CBN18BBBNA
7891129243323;Ar Condicionado Split Hi- Wall Consul R410- A 18.000 BTUs Frio
7891129244801;Ar Condicionado Split On/Off 22000 Btus Frio 220v Monofáscio Consul CBN22BBBNA
7891129243330;Stone Island shoulder panel detail jumper - Azul
7891129244757;Ar Condicionado Split Consul 9000 Btu/h Quente e Frio
7891129243347;Ar Condicionado Split Hi- Wall Consul R410- A 9.000 BTUs Quente/Frio 220V
7891129244771;Ar Condicionado Split Quente e Frio Consul  12.000 BTUS - CBP12BB
7891129243354;Ar Condicionado Split Hi- Wall Consul R410- A 12.000 BTUs Quente/Frio 220V
7891129244795;Ar Condicionado Split Quente e Frio Consul  18.000 BTUS - CBP18BB
7891129243361;Ar Condicionado Split Hi- Wall Consul R410- A 18.000 BTUs Quente/Frio 220V
7891129244818;Ar Condicionado Split Quente e Frio Consul  22.000 BTUS - CBP22BB
7891129244825;Ar Condicionado Split Hi- Wall Consul R410- A 22.000 BTUs Quente/Frio 220V
7891129264557;Ar condicionado split inverter 9000 btus Consul frio maxi refrigeração e maxi economia - CBF09EBBCJ-
7891129264830;Nº21 Óculos de sol com armação arredondada - Grey
7891129264564;Não encontrado
7891129264847;Não encontrado
7891129264595;Ar condicionado split inverter 12000 btus Consul frio maxi refrigeração e maxi economia - CBF12EBBCJ
7891129264878;Não encontrado
7891129264809;Nº21 Óculos de sol gatinho - Pink & Purple
7891129264885;Nº21 Óculos de sol gatinho - Preto
7891129264571;Ar condicionado split inverter 9000 btus Consul quente e frio maxi refrigeração e maxi economia - CB
7891129264854;Nº21 Óculos de sol oversized - Pink & Purple
7891129264588;Não encontrado
7891129264861;Nº21 Óculos de sol gatinho - Marrom
7891129264816;Nº21 Óculos de sol quadrado - Marrom
7891129264892;Nº21 Óculos de sol gatinho - Marrom
7891129264823;Nº21 Óculos de sol arredondado - Nude & Neutrals
7891129264908;Nº21 Óculos de sol gatinho - Green
7891129264915;Ar- Condicionado Split Consul CBN09CB Frio 9.000 BTUs - 220V
7891129264953;Ar condicionado split 18000 btus Consul frio maxi refrigeração e maxi economia - CBN18CBBCJ- outlet
7891129264991;Nº21 Tênis 'Billy' - Branco
7891129265011;Não encontrado
7891129264939;Ar- Condicionado Split Consul CBN12CB Frio 12.000 BTUs - 220V
7891129264977;Ar condicionado split 22000 btus Consul frio maxi refrigeração e maxi economia - CBN22CBBCJ- outlet
7891129265004;Não encontrado
7891129265028;Charlott Cardigã longo - Estampado
7891129264922;Bally Bolsa grande de couro - Branco
7891129264960;Ar condicionado split 18000 btus Consul quente e frio maxi refrigeração e maxi economia - CBP18CBBCJ
7891129265035;Charlott Casaco oversized com padronagem - Branco
7891129265059;Não encontrado
7891129264946;Marques'almeida Blusa listrada - Vermelho
7891129264984;Nº21 Tênis 'Billy' - Preto
7891129265042;Charlott Jaqueta de tweed com acabamento desfiado - Branco
7891129265066;Charlott Casaco midi - Azul