7898268766720;Coifa de Parede Fogatti CVC Slim Wood Color 70cm Marrom
8806098026210;Ar Condicionado LG Split Cassete 4 Vias 36000 BTU`s Quente/Frio Inverter Mono ATUW36GMLP0
7898461967924;CONJUNTO SPLIT AGRATTO QUENTE E FRIO 9000 BTUS 220V ECST9Q
8806084763419;Ar Condicionado Split Hi-Wall LG Smart Inverter 31.000 Btus Quente/Frio
7893299911088;Ar Condicionado Split LG Cassete Inverter 31.000 BTU/h Quente e Frio ATNW36GMLP0
8806087615883;Ar Condicionado Split Lg Teto Inverter 46.000 Btus Frio Monofásico
7899611413414;Armário Cooktop 407 Branco 2 Portas Benetil Branco - Branco
7899772509995;Cervejeira Chopeira Torre Chopp Vidro Budweiser 3,5 L
7890000293983;Não encontrado no google
7894693759535;Coifa de Parede 90cm Pirâmide Inox Tramontina - 220v
8422248605892;Coifa de Parede Apelson Helia 90 com 3 Velocidades - 90 cm - Inox
7894693764782;Coifa Inox E Vidro Basic 90 Tramontina
7899903143067;York e Komeco controle ar zh/jt-03 C01338
7898605606023;Controle Remoto Lelong Para Uso Em Midea Komeco Comfee Admiral Aicy Decor R07 R06/Bgce Bge
7892949525200;Cortina Longa Corta Luz Voil Barcelona Santista - Janelas até 2 metros
7894693759511;Depurador de Parede Retrátil Tramontina 60cm 220V 94810006
7891259393370;Forma De Porcelana Schmidt Quadrada 15Cm - 19960
0086279052278;Forno Elétrico Cuisinart para Tostar, Assar e Grelhar com Capacidade de 10 Litros - TOB 80BR - 4552
7898361099046;Forno Elétrico Digital de Embutir Mueller Decorato Gourmet Inox 44 Litros - 110V
0040094935277;Forno Com Conveccao 32L - Hamilton Beach - 220V
7896843935714;Forno eletrico 9l ml-909 milano nks 220v
7891356077876;FORNO ELETRICO 46L PHILCO 220
7893956003651;Forno Convector Venâncio Monofásico 220V Fc5em
7899758002793;Forno de Mesa Grande Itajobi Baixa Pressão com Tampa de Vidro
7899758005664;Forno de Mesa Extra Médio Itajobi Baixa Pressão com Tampa de Inox
7899758005671;Forno de Mesa Médio Itajobi Baixa Pressão com Tampa de Inox
7899758003943;Forno de Mesa Pequeno Itajobi Baixa Pressão com Tampa de Vidro
7893956003446;Forno Turbo A Lenha 8 Esteiras Fclt8 Venâncio
7893956003453;Forno Ciclone Lenha Turbo Venâncio Fclt8 8 Esteiras - 110V
9900000133481;Toner para Impressora Brother TN1070 | HL-1110R | TN1075 Compatível 1K
9900000133504;Detalhes do produto: Gamo: 01 Chumbinho Gamo Rocket Destructor 5.5mm 100un. + 01 Chumbinho Technogun Sonic Latonado 5.5mm 250un
7895272350921;Kit Coifa Caixa Dir Escort Zetec Sw 98 A 92 Dir Hid
7895272350471;Kit Coifa Caixa Dir Lado Esq Peugeot 504 83 A 00 Dir Hid
7895272351072;KIT COIFA CAIXA DIR EXPRESS 91 A 02 DIR HID
7898531213913;Resistência do ar condicionado Citroen C3 /Picasso /Peugeot 206 e 307 - Cemak
7898531213753;Não encontrado no google
7894644004400;Não encontrado no google
7622300859978;GELATINA EM PÓ CEREJA ROYAL PACOTE 25G
7898252650516;Regulador De Voltagem Gauss Ga705 Aplicação Ford, Volkswagen
7898239012825;Não encontrado no google
8887549690389;Lava e Seca Panasonic NA-S107F2WBR, 10Kg, Inverter Água Quente, Branco - 110V
8887549690396;Lavadora e Secadora de Roupas Panasonic 10,2 Kg NA-S107 Inverter Branca - 220V
8806088681801;LAVA & SECA 10,2 KG SAMSUNG ECO BUBBLE BRANCA COM
8806088681818;LAVA & SECA 10,2 KG SAMSUNG ECO BUBBLE BRANCA COM 127
8806086704144;Lavadora de Roupas Lava e Seca Branca 9KG - Samsung - WD90J6410AW/AZ
8801643457020;Lava e Seca Samsung WD11K6410OX, 11Kg, AddWash, Inox - 110V
8801643457037;Detalhes do produto: Samsung: Lavadora e Secadora Samsung WD11K6410OXF/AZ - 11kg
8801643457013;Lava e Seca Samsung WD11J6410AX, 11Kg, Ecobubble, Inox - 220V
8806085296589;Lavadora e Secadora de Roupas 8,5Kg Automática WD856UHSAWQ/FAZ Siene Ecobubble Branca -
8806085311794;SAMSUNG ECO BUBBLE WD856UHSASDF FRONTAL 8,5 KG PRATA
7899772509995;Cervejeira 2,6lts Budweiser Cx:0012  
7895272351058;Kit Coifa Caixa Dir Express 91 A 02 Dir Mec - Amortex
7895272350310;Kit Coifa Homocinética Dir Esq Mondeo 01 A 06
7895272350457;Kit Coifa Homocinética Direita Esquerda Palio G1
7895272350310;Kit Coifa Homocinética Dir Esq Focus G1 2.0 16V 00 A 04
7895272350457;Kit Coifa Homocinética Esq Dir Uno Mille Após 92 - Amortex
7895272350440;Kit Coifa Homocinética Lados Dir Esq Uno 1 85 A 13
7895272359191;Kit Amortecedor Dianteiro Lado Direito Livina Após 10
8806088681788;LAVA & SECA 10,2 KG SAMSUNG COM TECNOLOGIA AIR WAS
8806088681795;Lavadora de Roupas Samsung Lava e Seca 10,2kg Inox WD4000
8806098059997;Lava e Seca LG New Titan Aço Escovado 17kg 220V WD17VVS6A
8806084715654;Lava e Seca LG Prime Direct 10,5 kg
8806084659170;Lava e Seca LG WD9EP6 Prata Touch LED 6 Motion Smart Diagnosis™ e Motor Inverter Direct Drive
8806084715951;Lava e Seca LG Prime Touch WD11EP6A 11kg Aço Escovado
8806084715241;Lava e Seca LG 11kg WD11 Prime Touch - 110V
8806088599083;LAVA & SECA 10,2KG SAMSUNG ADDWASH ECO BUBBLE BRAN
8806088599113;Lava e Seca Samsung AddWash WD10K6410OX com Motor Digital Inverter 10,2Kg - Inox
8801643457051;Lava & Seca Samsung 11kg Prata 220V WD4000 WD11M44530SFAZ
8801643456993;Lava & Seca Samsung 11kg Branca 220V WD6000J WD11J6410AWFAZ
8801643457075;Lava e Seca Samsung 11Kg WD4000 WD11M44530W Ecobubble Branca
8801643206291;Lavadora E Secadora Samsung Wd7000 15 Kg Bra 110v Wd15h7300kw/az
8806086704045;Lava e Seca Samsung WD10J6410AW WD6000 Branca com Eco Bubble e Programas de Lavagem - 10,2
8806086704069;Lava & Seca 10,2 Kg Samsung Crystal Blue Branca com 14 Programas de Lavagem - WD10J6410AW
8806086704076;Lavadora e Secadora Samsung WD6000 10,2Kg Inox WD10J6410AXFAZ
8887549690389;Lava e Seca Panasonic NA-S107F2WBR, 10Kg, Inverter Água Quente, Branco - 110V
8887549690396;Lavadora e Secadora de Roupas Panasonic 10,2 Kg NA-S107 Inverter Branca - 220V
8806088681801;LAVA & SECA 10,2 KG SAMSUNG ECO BUBBLE BRANCA COM
8806088681818;Lavadora de Roupas Samsung Lava e Seca 10,2kg Branca WD4000 - 220V
8806086704144;Lava e Seca Samsung WD90J6410F WD6000 Branca com Eco Bubble e Programas de Lavagem
8801643457020;Lava e Seca Samsung WD11K6410OX, 11Kg, AddWash, Inox - 110V
8801643457037;Lavadora e Secadora Samsung WD11K6410OXF/AZ - 11kg - 220V
8801643457013;Lava e Seca Samsung WD11J6410AX, 11Kg, Ecobubble, Inox - 220V
8806085296589;Não encontrado no google
8806085311794;SAMSUNG ECO BUBBLE WD856UHSASDF FRONTAL 8,5 KG PRATA
8806085304048;Lava & Seca 8,5 Kg Seine Samsung Prata - WD856UHSASD - SGWD856UHSASDF
8806085290921;SAMSUNG LAVA E SECA WD106UHSAGD FRONTAL 10,1 KG INOX LOO
8806086690058;Lavadora E Secadora Samsung Wd7000 15 Kg Inox Wd15H7300Kp/Az
7890000305341;Não encontrado no google
7890000280600;Não encontrado no google
7897270313908;Não encontrado no google
7896584079241;Lavadora de Roupas Electrolux 8,5Kg LT09E Top Load Turbo Agitação Super 9 Programas de Lavagem 4 Níveis de Água - Branca
7896584079258;Lav 8,5kg electrolux 9 programas - lt09e Branco - 220 VOLTS
8806098098712;Lavadora LG Prime Washer WM11WPS6A, Painel Touch Led, 11Kg - 110 V
8801643457099;LAVADORA INVERTER 11KG WW11J44530WFAZ BRANCO
7898252650516;Regulador De Voltagem Gauss Ga705 Aplicação Ford, Volkswagen
7898239012825;Não encontrado no google
7898531213913;Resistência do ar condicionado Citroen C3 /Picasso /Peugeot 206 e 307 - Cemak
7898531213753;Não encontrado no google
7894644004400;Não encontrado no google
7622300859978;GELATINA EM PÓ CEREJA ROYAL PACOTE 25G
7896518514657;Tanquinho de Roupa Suggar Lavamax Eco 15kg LE1502BR
7895500726085;Tanquinho de Roupas Arno 11Kg ML90 Lavete Extreme Branco/Amarelo e Cinza
7893013012541;Não encontrado no google
7898015193663;Não encontrado no google
7891589132687;Torneira Para Maquina De Lavar Eco Cromada
7890022078407;Paneleiro Torre Quente Henn 2 Nichos Forno Lyra - CINZA VERDE
7898582461899;Filtro de Ar Esportivo Inflow Duplo Fluxo Turbina Universal 115mm 3 Polegadas HPF9909
