7899250847755;Aparador Cartier 2 Gavetas com Adega 2075350 Cinamomo - Bechara Móveis
7898342102307;Fogão 5 Bocas Rainha Maxx Tripla Chama Mesa de Vidro Clarice 8002001202 - 220V
7897180503697;Fogão Dako 5 Bocas Dakolors Mesa de Vidro
7899552141797;Fogao á Gás Gaudi Vetro Vitreo 5 Bocas Gás Glp Amarelo Acetinado - Venax - 110V

7899552141957;Fogao á Gás Gaudi Vetro Vitreo 5 Bocas Gás Glp Amarelo - Venax - 220V

7899552141872;Não encontrado no google

7899552142039;Fogão A Gás Gn Venax Gaudi Vetro Vitreo 5 Queimadores Amarelo

7899552141896;Fogão A Gás Gn Venax Gaudi Vetro Vitreo 5 Queimadores Branco

7899552142053;Não encontrado no google

7899552141919;Não encontrado no google

7899552142077;Fogão A Gás Gn Venax Gaudi Vetro Vitreo 5 Queimadores Pink

7899552140622;Não encontrado no google
 
7899552140639;Não encontrado no google

7899552140677;Fogão A Gás Gn Venax Palladio Vitreo 5 Queimadores Inox
7896911304091;Cooktop 2 Bocas Askoi Amarelo a Gás GLP Superautomático
7896911303810;Fogão Cooktop Safanelli Lines 4 Bocas Branco Bivolt - Bivolt
7896911303728;Cooktop 5 Bocas Askoi Preto a Gás GLP Superautomático
7897180503741;Fogão de Embutir 5 Bocas Dako DE5VTP Dakolors com Mesa de Vidro e Display Digital - Bivolt

7897180503734;Fogão Embutir Dakolors Azul 5 Bocas Mesa de Vidro com Acendimento Superautomático Dako Bivolt
7897180503000;Fogão 4 Bocas Glass com Mesa de Vidro - Bivolt

7897180503024;Fogão Dako 4 Bocas Turbo Glass Mesa de Vidro

7897180503819;Fogão 4 Bocas Dako DP4VTP Dakolors com Mesa de Vidro e Display Digital - Bivolt

7897180503680;Fogão 5 Bocas Dako DP5VTP Dakolors com Mesa de Vidro e Display Digital

7897180503673;Fogão Dako Azul 5 bocas com mesa de vidro - Dakolors com Acendimento superautomático
7897180503703;Fogão Dako 5 Bocas Dakolors Mesa de Vidro
7896513318243;Fogão 5 Bocas Gran Cheff Fischer Preto
7898461967290;Fogão Elétrico 1500W 127V FMA01 Cinza AGRATTO

7898461967306;Fogão Elétrico 1500W 220V FMA02 Cinza AGRATTO
7897180503321;Fogão Atlas Encanto Glass 4 Bocas Acendimento Automático Inox com Mesa de Vidro Timer Digital

7896513318199;Fogão 4 Bocas Fischer Gran Cheff 26987-59775 Silver - Bivolt
7893956003927;Chapa Bifeteira Elétrica Inox 120 cm C/ Prensa CE120P - 220v - Venâncio
7898024592518;Fogão Portátil Fogareiro Botijão P2 Cozinha Camping pesca
7891259393370;Forma De Porcelana Schmidt Quadrada 15Cm - 19960
8806088681788;Lava & Seca 10,2 Kg Samsung com Tecnologia Air Wash Silver com 9 Programas de Lavagem - WD10M44530S

8806088681795;Lavadora de Roupas Samsung Lava e Seca 10,2kg Inox WD4000

8887549690389;Lava e Seca Panasonic NA-S107F2WBR, 10Kg, Inverter Água Quente, Branco - 110V

8887549690396;Lavadora e Secadora de Roupas Panasonic 10,2 Kg NA-S107 Inverter Branca - 220V
8801643457020;Lava e Seca Samsung WD11K6410OX, 11Kg, AddWash, Inox - 110V
7896664695385;Tanquinho Mueller Supertank 8kg com Aquatec

8801643457037;Lavadora e Secadora Samsung WD11K6410OXF/AZ - 11kg - 220V
8806088681801;LAVA & SECA 10,2 KG SAMSUNG ECO BUBBLE BRANCA COM

8806088681818;LAVA & SECA 10,2 KG SAMSUNG ECO BUBBLE BRANCA COM

8806086704144;Lavadora de Roupas Lava e Seca Branca 9KG - Samsung - WD90J6410AW/AZ

8806098059997;Lava e Seca LG New Titan Aço Escovado 17kg 220V WD17VVS6A

8806084715654;Lava e Seca LG Prime Direct 10,5 kg

8806084659170;Lava e Seca LG Prime Touch Led Branca 9kg 127V WD9WP6

8806084715951;Lava E Seca 11Kg Lg Prime Touch Wd11ep6 Motor Direct Drive 14 Programas De Lavagem Inox

8806084715241;Lava e Seca LG 11kg WD11 Prime Touch - 110V

8806088599083;Lava & Seca 10,2Kg Samsung AddWash Eco Bubble Branco com 13 Programas de Lavagem - WD10K6410OW

8806088599113;Lava e Seca Samsung AddWash WD10K6410OX com Motor Digital Inverter 10,2Kg - Inox

8801643457051;Lava & Seca Samsung 11kg Prata 220V WD4000 WD11M44530SFAZ

8801643456993;Lava & Seca Samsung 11kg Branca 220V WD6000J WD11J6410AWFAZ


8801643457075;Lava e Seca Samsung 11Kg WD4000 WD11M44530W Ecobubble Branca
8806086704045;Lava e Seca Samsung WD10J6410AW WD6000 Branca com Eco Bubble e Programas de Lavagem - 10

8806086704069;Lavadora de Roupas Lava e Seca Branca 10,2KG - Samsung - WD10J6410AW/AZ

8806086704076;Lavadora e Secadora Samsung WD6000 10,2Kg Inox WD10J6410AXFAZ
8801643206291;LAVA & SECA 15 KG SAMSUNG BRANCA COM 13 PROGRAMAS

7896584079241;Lavadora de Roupas Electrolux 8,5Kg LT09E Top Load Turbo Agitação Super 9 Programas de Lavagem 4 Níveis de Água - Branca
8806098098712;Lavadora LG Prime Washer WM11WPS6A, Painel Touch Led, 11Kg - 110 V
7899205953296;Massinha De Modelar Modele E Brinque Cozinha Feliz Colors Com Acessorios 250G Na Caixa
7898631550505;COLECAO JUDY SAMBA TOYS 1UN FOGAOZINHO 
7898030780015;PE P/FOGAO E GELADEIRA PRATIL MULTIMARCAS
7896518514657;Tanquinho de Roupa Suggar Lavamax Eco 15kg LE1502BR
7896584079258;Lavadora de Roupas Electrolux 8.5kg 9 Programas - 220V
7895500726085;Tanquinho de Roupas Arno 11Kg ML90 Lavete Extreme Branco/Amarelo e Cinza
7898015193663;Não encontrado no google
7897270313908;Não encontrado no google
7891589132687;Torneira Para Maquina De Lavar Eco Cromada