7891960008686;AMANCO Adaptador Máquina De Lavar Roupa

7898094337828;Brasfort Alarme de Invasão p/ Portas e Janelas

7899226960488;Yes Álbum Ilustrativo 200 fotos 10x15- Janela Personalizável

7891129234369;Consul Ar Condicionado Janela Multi Air 7.500 BTU Frio Mecânico 220V CCF07EBBNA

6937671781591;Ar Condicionado Janela Gree 18000 BTUs Frio Mecânico

7891129217423;Ar Condicionado de Janela Consul 10000 BTU H Frio CCB10DBBNA

7891129217416;Ar Condicionado de Janela Consul 10000 BTU H Frio CCB10DB

6937671781607;Ar Condicionado Janela Gree 21000 BTUs Frio Mecânico

7898626572857;Ar Condicionado Janela Springer Midea 10.000 BTUs Frio Mecânico

7898626574226;Springer midea mecanico 12k frio

7898054800485;Ar Condicionado de Janela Springer 7500 BTU/H Frio 220V QCA075BBB

8806098026210;Não encontrado

7898957911141;Ar Condicionado Multi Split Inverter Daikin 23.000 BTUs (2x Evap HW 18.000) Quente Frio 220V

7898461963513;Ar Condicionado Portátil 10.000 Btus com Controle 220V Ventisol

8004399512122;Ar- Condicionado Portátil 13.000 BTUs Delonghi Pinguino Pac AN130RF Frio Branco

8004399512092;Ar Condicionado Confort De Longhi Branco PACC105

7898626573267;Ar Condicionado Split Cassete 48000 Btus Quente/Frio 380v 3F Carrier 40KWQD48C5

7898626570358;Ar Condicionado Split Cassete Carrier 18000 Btus Quente Frio 220v Monofásico 40KWQD18C5

7898626570372;Ar Condicionado Split Cassete 24000 Btus Quente/Frio 220v Monofásico Carrier 40KWQD24C5

7898626570402;Ar Condicionado Split Cassete 48.000 Btus Frio 380v Trifasico Carrier 40KWCD48C5

7898626571577;Ar Piso Teto Carrier Space 48000 BTU Quente e Frio Trifásico - 38CQI

7898957911622;Ar Condicionado Split Duto Inverter Daikin SkyAir 36.000 BTUs Quente Frio 220V Monofásico

4974437834131;Ar Codicionado Split Teto Inverter Fujitsu 42000 Btus Quente Frio1F ABBG45LRTA

4974437353977;Ar Split Fujitsu Hi Wall Inverter 27000 BTU Frio 220V

7896584062601;Ar Condicionado Split Hi- Wall Electrolux Ecoturbo 12.000 BTUs Frio

7898554871695;Ar Condicionado Split HW Comfee 12.000 BTUs Só Frio 220V

7898626576503;Ar Condicionado Split HW Comfee 22.000 BTUs Só Frio 220V

7898461967665;Ar Condicionado Split HW Inverter Agratto Neo 30.000 BTUs Só Frio

4974437077255;Ar Condicionado Split Hw Inverter Fujitsu 24000 Btus Frio 220V 1F ASBG24JFBC

7898461967672;Ar Condicionado Split HW Inverter Agratto Neo 24.000 BTUs Só Frio

7898626574394;Ar Condicionado Multisplit Inverter Springer Midea 18.000 BTUs (1x 9.000 + 1x 12.000) Quente/Frio 22

7898461967825;Ar Condicionado Split HW Agratto Fit Top 12.000 BTUs Só Frio

7898626576442;Ar Condicionado Split HW Comfee 9.000 BTUs Só Frio 220V

7898461965456;Ar Condicionado Split HW Agratto 18.000 BTUs Frio 4391 - 220V

7898303868464;Ar Condicionado Split Hw Gree Eco Garden ON- OF 27.000 Btus So Frio 220v

7898461967924;Não encontrado

7896584057249;Ar Condicionado Split Electrolux 18000 BTUs Inverter Quente e Frio 220v

8806084763419;Não encontrado

7892509083874;Ar Condicionado Split Hi-Wall Samsung Digital Inverter 9.000 BTUs Frio

7891129264595;Ar condicionado split inverter 12000 btus Consul frio maxi refrigeração e maxi economia - CBF12EBBCJ

7898957911349;Ar Condicionado Split Daikin Inverter 24000 Btus Quente e Frio

7896584069570;Ar Condicionado Split Inverter 9000 Btus Frio Electrolux QI09F

7897013565847;Ar Condicionado Split Inverter ECO 12000 Btus Frio Elgin

7897013565823;Ar Condicionado Split Piso Teto Elgin Atualle 60000 Btus Quente E Frio 220V Trifásico Phqi- 60000- 3

4974437077231;Ar Condicionado Fujitsu High Wall 18000 Frio Mono ASBG18JFBB

4974437487450;Ar Condicionado Multi Quadri Split Inverter Fujitsu 2x9000+1x12000+1x18000 Cassete Qf AOBG30LAT4

7893299911088;Não encontrado

7893299911125;Ar Condicionado Split Cassete Inverter LG 50.000 BTUs Quente Frio 220V Monofásico

7893299609343;Ar Condicionado Split Inverter 9000 Btus LG Libero Art Cool 220v Quente e Frio - AS- W092BRG2

7893299619113;Ar Condicionado Split Hi-Wall LG Smile 17.000 BTUs Frio 220V

7893299612992;Ar Condicionado Split Hi- Wall LG Libero E+ Inverter V 11.500 BTUs Quente/Frio 220V

7899963900471;Ar Condicionado Split Hi Wall Philco 12000 Btus Frio 220V PH12000TFM5

7897013575310;Ar Condicionado Split Cassete 360 Atualle Eco 60000 BTUs Elgin Frio Tri 45OUFE60B3NA

7897013562938;Ar Condicionado Split Piso Teto Eco Elgin 80.000 B TUs Frio 220V Trifásico

7898626571928;Ar Condicionado Carrier Ar Condicionado Split Piso Teto 48000 Btus Frio 220v Trifásico Carrier Space

4974437367363;Ar Cassete Fujitsu Inverter 23000 BTU Quente/Frio 220v Monofásico

7896873174770;Ar Condicionado Split Piso Teto Komeco 55.000 BTU/h Frio Trifásico KOCP 55FC 1LX

7898626571904;Ar Condicionado Split Piso Teto Space Carrier 58.000 BTUs Frio Trifásico

8806087615883;Não encontrado

7898303868587;Ar Condicionado Split HW Gree Eco Garden 9.000 BTUs Quente/Frio

7898303868501;Ar Condicionado Gree Inverter Eco Garden Hi Wall 9000 Btus Frio Mono

7893299910203;Ar Condicionado Split HW LG Dual Inverter 18000 Btus Quente/Frio S4NW18KL3WA.EB2GAMZ - 220V

7893299910371;Ar Condicionado Split Hi Wall LG DUAL Inverter 22000 BTUs Quente Frio S4W24KE3W1 - 220V

7892509093248;Ar Condicionado Samsung Split Hw Digital Inverter 18000 BTUs Quente/Frio 8 Polos 220v AR18MSSPBGMXAZ

7898461967023;Ar Condicionado Split HW Inverter Agratto Neo 12.000 BTUs Só Frio

7898461967030;Ar Condicionado Split HW Inverter Agratto Neo 18.000 BTUs Só Frio

7898626571522;Ar Piso Teto Carrier Space 48000 BTU Frio Trifásico - 38CCI

7898626571539;Ar Piso Teto Carrier Space 48000 BTU Frio Trifásico - 38CCI

7893299619069;Ar Split LG Libero E+ Inverter 18000 BTU Frio 220v

7898554870698;Ar Condicionado Janela Manual Springer Midea 18.000 BTUs Só Frio 220V

7898554870711;Ar Condicionado Janela Manual Springer Midea 21.000 BTUs Só Frio 220V

7897013565861;Ar Condicionado Eco Inverter 18. 000 Btus Frio Elgin

7899611413278;Armário Benetil 304 com Espaço para Micro- Ondas 2 Portas e 1 Gaveta - Branco

7898595771534;Não Informado Assadeira Oval 35cm 3 Litros Torta Forno - Casa Linda - TRANSPARENTE

7899206129607;Ke Home Forma Retangular em Inox 30x40cm

7899611414114;Click e Decore Escrivaninha Mesa Computador Notebook Clean Branco

7899611413414;Não encontrado

7898541351056;Completa Balcão Para Cooktop 5 Bocas E Microondas BL 5B BCO Branco

7908041010060;Armário Multiuso para Forno e Micro- ondas com Fruteira 2531 Multimóveis Branco Brilho

7908041011203;Armário Multiuso 2 Portas 1 Gaveta Branco Multimóveis

7908041011210;Armário Multiuso 2 Portas 1 Gaveta Argila E Branco Multimóveis

7898619590011;Fellicci Moveis Balcão Para Forno Com Gaveta Carvalho e Blanche Fellicci BF 15

7898953352160;Balcão para Forno 2 Portas Fellicci BF15 Branco

7899766510839;Balcão c/ gavetão Montevidéu BL2060 - Art In Móveis - MARROM CHOCOLATE

7898478539626;Balcão Para Microondas MF211 2 Portas Branco Evidência

7898954645742;Balcão - Armário Multiuso 3 portas Tecno Mobili - Branco

7893726544889;Balcão Duplo Forno Kits Paraná Duetto com 2 Portas e 1 Gaveta Branco/Linho Branco

7893726650832;Balcão 2 Portas Duplo Forno Duetto Kits Paraná

7898605276332;Balcão para Forno ou Micro- Ondas 2 Portas BL3307 Tecno Mobili Branco

763684286046;T8 8FT LED Tube 48W Single Pin Clear 5000K - 6500K Replacing Fluorescent Light

7897186683768;Caçarola de Ferro Fundido Cinza TVT Nº 30 MTA

7897186683409;Caçarola Ferro Fundido TVT 20 cm Forno e Fogão MTA

7897186683423;Caçarola Ferro Fundido TVT 24 cm Forno e Fogão MTA

7897186683744;Caçarola De Ferro Tvt Nº 26 Mta

7898959845055;Cama Catbed Gatton para Gatos Marrom King

7898902486472;Camp Capa Máquina Lavar Roupas Brastem Consul 10KG

7891230037842;Carrinho de Churrasco Espetinho 50cm Ambulante Coifa Pequena 67159- R2

7898563676014;ARMOM Carrinho para Churrasco Standart com Rodas Maciças

7899772509957;Não Informado Cervejeira Chopeira 35 Litros Jack Daniel

7899552118911;Cervejeira Venax 1 Porta 82 Litros Controlador Digital Preta - EXPMBK100

7899552136519;Cervejeira Best Beers 100 Venax 100 Litros - 220V

7899081738147;Cervejeira Frost Free Esmaltec CBE110 110 Litros com Porta de Vidro Capacidade para 40 Garrafas

7899069633570;Gelopar REFRIGERADOR DE BEBIDAS Cervejeira 230l - Condensador estático GRBA- 230E GW 110V

7899069633419;Gelopar Cervejeira 450l - Porta Cega Com Adesivo Craft Beer

7899069633518;Cervejeira 570 litros GRBA - 570QC Gelopar GRBA

7899069633525;Refrigerador Bebidas Cervejeira Gelopar GBRA- 570QC Porta Cega Adesivado

7890902318036;Artico Cervejeira Horizontal 2 em 1 Cervejeira e Freezer 60L CA80T Yellow Beer 110V- Ártico

7891356002380;Cervejeira Frostbier 54801006 Philco 127v Preta

7899552118928;Cervejeira Venax 1 Porta 82 Litros Controlador Digital Preta - EXPMBK100

7899069633556;Cervejeira 230L - Porta Cega Com Adesivo Craft Beer - Grba- 230e Cb - Gelopar

7899069633563;Cervejeira 230l Porta Cega Com Adesivo Craft Beer Grba- 230e Cb - Gelopar

7899908711667;Cervejeira Metalfrio VN44RL 434 Litros Frost Free Preta e Branca

7899908711827;Cervejeira Metalfrio VN28RL 324 Litros Frost Free Preta e Branca

7891129224223;Caçarola Funda Inox 16cm Tramontina 62944/163

7891129222724;Caldeirão com Cabo 16cm Inox Tramontina 62947/163

7899069633426;Gelopar Cervejeira 450l - Porta Cega Com Adesivo Craft Beer

7899908714200;Metalfrio Cervejeira Refrigerador e Expositor 296 Litros 220v - VN28FL

7899772509995;Não encontrado

7898457732949;Corcerama Guarda Pó Alavanca Câmbio Aro Preto Ecosport Fiesta 03/11

7898480639680;Anderparts Coifa Câmbio Manopla Gol Parati Saveiro G3 G4 00 a 14 Preto Console Quadrado

7890000293983;Não encontrado

7898457736428;Não Informado Coifa Alavanca De Cambio Ford Ka 2008 2009 2010 2011 2012 2013 - Corvin Preta Com Base

7898457736695;Não Informado Coifa Alavanca Câmbio - Logan Sandero 2007 a 2014 - Com Base

7898457734080;Coifa Guarda Pó Alavanca Cambio Fiesta Street Courier 00 01 02 Com Bola NAT

7894693741189;Coifa de ilha de 90 cm em aço inox + vidro preto PERFECTA - TRAMONTINA

7894693748720;Coifa de Ilha New Vetro Isla 90 cm Aço Inox e Vidro Temperado Tramontina 95800019

7894693748706;Coifa de Ilha New Dritta Isla 90 127V 95800/017 Tramontina

7894693741172;Coifa de ilha de 90 cm em aço inox + vidro PERFECTA - TRAMONTINA

7898268703688;Cabeceira Casal Queen Kuka 160 Cm Suede Amassado Marrom Chocolate - D monegatto

7894693759535;Não encontrado

8007842822465;Não Informado Coifa De Parede Ariston Hlc9- 8 Ati X 90cm - Inox

7894693046741;Coifa de Parede AÇO INOX + Vidro Vetro FLEX 80 110V - Tramontina 94828110

7896513316003;Coifa de Parede Fischer 60cm Talent Glass 17800 Vidro Temperado

7892162113673;Coifa de Parede Franke Cartesio 89cm Cromada

7892162113635;Coifa de Parede Franke Cartesio 60cm Cromada

7892162145483;Coifa de Parede Glass Ray Far 605 XS Franke 60cm

7898221453001;Coifa de Parede 90cm para até 6 Bocas Gourmet CFA190 Inox - Cadence

7896518509820;Coifa de Parede Granada 6 Bocas 90cm Painel Touch Screen Inox TP599 - Suggar

7894693028136;Coifa de Parede 90cm para até 6 Bocas Prisma Inox - Tramontina

7896513315938;Coifa de Parede Fischer 90cm Steel 17633 3 velocidades

7894693045164;Cia do Chefe Coifa de parede de 60 cm em aço inox 220V Tramontina 95800002

7899838848143;Coifa De Vidro 60Cm 127V Prata Multilaser - CE067 - Padrão

7898902921232;Coifa de Vidro Curvo 127v BLT VD 90 - Built

7898902921249;Coifa de Parede Built 90 cm Vidro Curvo Inox - BLT VD 90

7898626574066;Coifa de Vidro Midea Desea 90cm 110V RGA901

7898902921881;Coifa de Parede 4 Bocas Built 60cm - BLT VD BX 60

7898902921386;Coifa de Parede 6 Bocas Built 90cm - BLT VD BX 90

7896518506966;Coifa de Parede 4 Bocas 60cm Inox Suggar - TP016

7898268765600;Coifa de Parede Fogatti CVC Slim Color 75 cm Amarela

7898268765709;Coifa de Parede Fogatti CVC Slim Color 60 cm Vermelha

7898268766492;Coifa de Parede Fogatti CVC Slim Color 75 cm Branca

7898268766508;Coifa de Parede Fogatti CVC Slim Color 75 cm Branca

7898268766515;Coifa de Parede Fogatti CVC Slim Color 80 cm Branca

7898268766522;Coifa de Parede Fogatti CVC Slim Color 80 cm Branca

7898268766539;Coifa de Parede Fogatti CVC Slim Color 90 cm Branca

7898268766546;Coifa de Parede Fogatti CVC Slim Color 90 cm Branca

7898268766737;Coifa de Parede Fogatti CVC Slim Wood Color 70cm Marrom

7898268766744;Coifa de Parede Fogatti CVC Slim Wood Color 75cm Marrom

7898268766775;Coifa de Parede Fogatti CVC Slim Wood Color 80cm Marrom

7892162145025;Coifa Franke Glass Nice 90cm Inox e Vidro

7892162145520;Coifa de Parede Glass Ray Far 905 XS Franke 90cm

7898615980946;Coifa Cadence Gourmet 90cm Cadence

7898615980953;Coifa de Parede CFA391 Gourmet 90cm 180W Vidro Cadence

8422248605892;Não encontrado

7894693030733;Cia do Chefe Coifa de Ilha Vetro Isla 90 aço Inox 220v Tramontina 94830220

7894693030764;Coifa Aço Inox Dritta Isla 90cm - Tramontina

7896513315990;Coifa de Parede Fischer 60cm Talent Glass 17800 Vidro Temperado 127V

7894693030757;Coifa de Ilha Tramontina Vetro Isla Black 90cm Aço Inox Vidro 220v

7896513315976;Coifa de Ilha Fischer Tradition Line 90cm Aço Inox

7896513309012;Coifa de Ilha 90cm Filtro de carvão 3 Velocidade 5455 Fischer - 110V

7898268766874;Coifa de Ilha Fogatti 75 cm Vidro Curvo Inox - CIVC75

7898268766867;Coifa De Ilha Vidro Curvo Em Inox Civc 240W 75Cm Fogatti 220V

7898268766836;Coifa de Ilha Fogatti 60 cm Vidro Reto Inox - CIVR60

7898268766829;Coifa De Ilha Vidro Reto Em Inox Civr 240W 60Cm Fogatti 220V

7898615980687;Coifa Parede Inclinada Gourmet Cadence Vidro Inox 90cm CFA700

7896518504214;Coifa Ilha Vidro Jade 90cm Inox TP529 - Suggar

7894693045157;Coifa Aço Inox New Dritta 60cm - Tramontina- 110V

7894693032515;Coifa de Ilha Tramontina Tube Isla 35cm Aço Inox 110v

7894693032522;Coifa de Parede Inox Tube Isla 35 Tramontina - 220V

7894693040015;Cia do Chefe Coifa de ilha Vetro Isla flat W90cm 220v perfecta Tramontina - 94832221

7894693045195;Cia do Chefe Coifa de parede de 60 cm em aço inox + vidro 127V Tramontina 95800005

7894693030726;Coifa de Ilha Tramontina Vetro Isla 90cm Aço Inox Vidro 110v

7894693045201;Coifa Aço Inox/Vidro New Vetro 60cm - Tramontina- 220V

7894693736970;Coifa de parede de 60 cm em aço inox + vidro PERFECTA - TRAMONTINA

7894693035363;Coifa de Parede Tramontina Vetro Flex 75cm Aço Inox Vidro 110v

7894693035370;Coifa de Parede Tramontina 75cm para até 5 Bocas Vetro Flex 75 Prata Inox

7898626570051;Coifa de Parede 60cm Desea Midea 220V

7898626570099;Coifa de Parede Retangular Midea Desea 60 cm em AÃ§o Inox - RYA6

7898232182679;Coifa de Parede Nardelli Vidro Curvo - 90 cm com 3 Velocidades e Comando Soft Touch - Inox - 110v

7894693045249;Coifa de Parede Tramontina New Vetro Flex 75 cm Inox

7894693740366;Cia do Chefe Coifa de parede New Vetro Wall Flat w 90 Tramontina 94829111

7891129212879;Coifa de Parede 90cm para até 6 Bocas CA090AR Inox - Consul

7891129212862;Coifa de Parede 90cm para até 6 Bocas CA090AR Inox - Consul

7896518506973;Coifa de Parede 4 Bocas 60cm Inox Suggar - TP016

7896513311060;Coifa de Parede Fischer Talent 60cm Aço Inox/Vidro

7898268765105;Coifa de Parede Fogatti CVC Slim Color 80 cm Amarela

7898232185809;Coifa de Parede Nardelli 80cm Vidro Curvo Amarelo - CVC80

7898268765204;Coifa de Parede Fogatti CVC Slim Color 90 cm Amarela

7898232185205;NARDELLI ELETRODOMESTICOS Coifa de Parede Vidro Curvo Duto Slim Yellow 70 cm 127v Nardelli

7898232185403;Coifa de Parede Nardelli 70cm Vidro Curvo Amarelo - CVC70

7898268764603;Coifa de Parede Fogatti CVC Slim Color 60 cm Amarela

7898268764702;Coifa de Parede Fogatti CVC Slim Color 70 cm Amarela

7898268764801;Coifa de Parede Fogatti CVC Slim Color 70 cm Amarela

7898268764900;Coifa de Parede Fogatti CVC Slim Color 80 cm Amarela

7898268765501;Coifa de Parede Fogatti CVC Slim Color 75 cm Amarela

7898232184406;NARDELLI ELETRODOMESTICOS Coifa de Parede Vidro Curvo Duto Slim Yellow 60 cm 127v Nardelli

7898232184802;Coifa de Parede Nardelli 60cm Vidro Curvo Amarelo - CVC60

7898232185908;NARDELLI ELETRODOMESTICOS Coifa de Parede Vidro Curvo Duto Slim Yellow 80 cm 220v Nardelli

7898232186004;Coifa de Parede Nardelli 90cm Vidro Curvo Amarelo - CVC90

7898232186103;NARDELLI ELETRODOMESTICOS Coifa de Parede Vidro Curvo Duto Slim Yellow 90 cm 220v Nardelli

7898268766454;Coifa de Parede Fogatti CVC Slim Color 60 cm Branca

7898268766461;Coifa de Parede Fogatti CVC Slim Color 60 cm Branca

7898268766478;Coifa de Parede Fogatti CVC Slim Color 70 cm Branca

7898268766485;Coifa de Parede Fogatti CVC Slim Color 70 cm Branca

7898232186370;NARDELLI ELETRODOMESTICOS Coifa de Parede Vidro Curvo Duto Slim White 75 cm 127v Nardelli

7898232186387;Coifa de Parede Nardelli 75cm Vidro Curvo Branco - CVC75

7898232186424;Coifa de Parede Nardelli 90cm Vidro Curvo Branco - CVC90

7898268766713;Coifa de Parede Fogatti CVC Slim Wood Color 60cm Marrom

7898268766751;Coifa de Parede Fogatti CVC Slim Wood Color 75cm Marrom

7898268766768;Coifa de Parede Fogatti CVC Slim Wood Color 80cm Marrom

7898268765440;Coifa de parede Fogatti Cvc 80 Duto Slim 80 cm Inox

7898268765419;Coifa 90CM Vidro Curvo com Duto Parede - Nardelli

7898268765549;Coifa 90CM Vidro Curvo com Duto Parede - Nardelli

7898232184604;Coifa de Parede Nardelli 90 cm Vidro Curvo Inox - CVC90

7898232184611;NARDELLI ELETRODOMESTICOS Coifa de Parede Vidro Curvo Inox Duto Slim 90 cm 220v Nardelli

7898268765488;Coifa 60CM Vidro Curvo Parede Nardelli

7898268765471;Coifa de Parede Fogatti Vidro Curvo Slim Inox Com Easy Touch 3 Velocidades E Lâmpadas Led 70 Cm

7898268766782;Coifa de Parede Fogatti CVC Slim Wood Color 90cm Marrom

7898232186806;Coifa de Parede Nardelli Vidro Curvo Slim Wood Nogueira – 90cm

7898232186738;Coifa de Parede Nardelli 60 cm Vidro Curvo Duto Slim Nogueira - CVC60

7898232186752;Coifa de Parede Nardelli 70 cm Vidro Curvo Duto Slim Nogueira - CVC70

7898268765808;Coifa de Parede Fogatti CVC Slim Color 60 cm Vermelha

7898268766300;Coifa de Parede Fogatti CVC Slim Color 75 cm Vermelha

7898268766409;Coifa de Parede Fogatti CVC Slim Color 75 cm Vermelha

7898268766416;Coifa de Parede Fogatti CVC Slim Color 80 cm Vermelha

7898268766423;Coifa de Parede Fogatti CVC Slim Color 80 cm Vermelha

7898268766430;Coifa de Parede Fogatti CVC Slim Color 90 cm Vermelha

7898268766447;Coifa de Parede Fogatti CVC Slim Color 90 cm Vermelha

7898268765907;Coifa de Parede Fogatti CVC Slim Color 70 cm Vermelha

7898268766201;Coifa de Parede Fogatti CVC Slim Color 70 cm Vermelha

7898268764115;Coifa de Parede Fogatti CVR SLIM 60cm Inox

7896513309043;Coifa de Parede 6 Bocas 90cm Inox Talent 5456 - Fischer

7896513309036;Coifa de Parede 6 Bocas 90cm Inox Talent 5456 - Fischer

7891356069352;Coifa de Parede 4 Bocas Philco 60 cm Três Velocidades Prata - Glass 60

7891356069369;Coifa de Parede Philco Glass 60cm Inox

7891356069338;Coifa de Parede 6 Bocas Philco 90 cm Três Velocidades Prata - Glass 90

7891356069314;Coifa de Parede 6 Bocas Philco Três Velocidades 90 cm Preta - Inox 90

7891356069321;Coifa de Parede Philco Inox 90cm Inox e Preto

7891129230125;Coifa Consul Parede Facilite Piramidal Aço Inox 90cm 127V

7896518508250;Coifa de Ilha Suggar Quartzo 35cm 127V Inox Inox

7896518508267;Coifa de Ilha Suggar Quartzo 35cm 220V Inox Inox

7894693736772;Tramontina Coifa de parede New Dritta Black Touch 90 - Com 90 cm em aço inox + vidro temperado preto

7894693748294;Coifa de Parede Aço Inox New Vetro Flex 80 Tramontina 95800011

7894693736987;Coifa de parede de 90 cm em aço inox + vidro 220 V PERFECTA - TRAMONTINA

7894693764782;Não encontrado

7894693045232;Coifa de parede de 75 cm em aço inox + vidro 127V Tramontina 95800009

7894693053749;Coifa de parede de 90 cm em aço inox + vidro preto 220 V PERFECTA - TRAMONTINA

7894693053732;Cia do Chefe Coifa de parede New Vetro Flat b 90 preto Tramontina 94829110

7898268766720;Coifa de Parede Fogatti CVC Slim Wood Color 70cm Marrom

7898268766799;Coifa de Parede Fogatti CVC Slim Wood Color 90cm Marrom

7898268766706;Coifa de Parede Fogatti CVC Slim Wood Color 60cm Marrom

7898232186745;Coifa de Parede Nardelli Vidro Curvo Slim Wood Nogueira – 70cm

7894693053725;Coifa de parede de 90 cm em aço inox + vidro branco 220 V PERFECTA - TRAMONTINA

7891129250192;Coifa de Parede Consul CAP90AR 90cm Inox

7898268764771;Coifa de Parede Fogatti CVR SLIM 90cm Inox

7894693045225;Tramontina Lançamentos Coifa Inox+Vidro New Vetro 90Cm Tramontina 95800008

7896518507000;Coifa 90cm Cristal Parede Vidro Curva Suggar TP0290IX

7896518507017;Coifa de Parede 90cm para até 6 Bocas TP029 Vidro e Inox - Suggar

7891129161696;Ar Condicionado Janela 12000 BTU/s Frio 220V Consul Manual CCI12DBBNA

7891129161672;Ar Condicionado de Janela Consul 12000 BTU/H Frio Eletronico 220V CCY12DBBNA

7898488389211;Ar- Condicionado Janela 18.000 Btus Springer Silentia Frio Branco

7891129161597;Ar Condicionado Janela Consul 18.000 Btus Quente e Frio Mecânico - CCM18DB

7898488389051;Ar Condicionado Janela Eletrônico 21000 Btus Frio Springer Silentia ZCB215RB

7898488389044;Ar Condicionado Janela Mecânico 21000 Btus Frio Springer Silentia ZCB215BB

7898488389099;Ar Condicionado Janela Silentia 30.000 BTU/H Frio com Controle Remoto ZCB305RB Springer

7898488389082;Ar Janela Springer Silentia Mecânico 30000 BTU Frio 220v

7891129159075;Ar Condicionado Consul Janela c/ Controle 7500 BTUs 127V Frio CCN07DB

7898054799680;Ar Condicionado de Janela Springer 12000 BTU/H Frio 220V MCC125BB

7899903143081;Controle Remoto MXT 01340 Ar Condicionado Split Artcool Libero E+LG

7891798570508;Controle remoto para ar condicionado midea comfee komeco

7899903143067;Não encontrado

7898605606023;Não encontrado

7899704616722;Importado Controle Remoto Ar Condicionado Carrier RFL- 0601EHL

7899903117884;Controle Remoto MXT C01310 AR Condicionado Universal Onetouch

7899471883655;Controle Universal para Ar Condicionado C01247 MXT

7900000020714;Gates Correia Ar Condicionado AM GENERAL HUMMER 6.5 V8 DIESEL 1998 a 2000

7900000011200;Gates Correia Ar Condicionado BMW 750i 5.0 1991 a 1994

7891371361028;Cortina para Varão Sultan 220x180 cm Granitê Cereja com Passante

7892949525200;Não encontrado

7899748908944;Guga Tapetes Cortina para Cozinha Angola 03 Peças Branco

7898659553304;Grupo Fernandes Cortina Corta Luz Varão simples 2m Palha

7898659553311;Grupo Fernandes Cortina Corta Luz Varão simples 2m

7899994359033;Cortina Bella Janela 360x250 cm Rústica Muralle Pérola

7899994346798;Cortina Bella Janela 360x250 cm Rústica Muralle Areia

7899994347733;Cortina Rústica Niger 42 x 250m Branco | Bella Janela

7899994327599;Cortina para Varão Bella Janela 200x250 cm Corta Luz PVC

7899994360077;Cortina para Varão Bella Janela 250x230 cm Duplex Voil Liso com Forro Branco - Único

7899994312311;CORTINA BLACKOUT BLEND NUDE 300X170CM

7899994306327;Cortina para Varão Bella Janela 400x250 cm Duplex Voil Liso com Forro

7899994323003;Cortina para Varão Infantil Bella Janela 250x170 cm Summer Time - Único

7899994327582;Cortina para Varão Bella Janela 200x250 cm Corta Luz PVC

7899467123604;Cozinha Compacta 3 Peças 173 Blume Casamia (Não Acompanha Pia e Torneira) Dark

7899467123611;Cozinha Compacta 3 Peças 173 Blume Casamia (Não Acompanha Pia e Torneira) Snow/Dark

7899467123291;Cozinha Compacta 4 Peças 268 Ariel Casamia (Não Acompanha Pia e Torneira) Dark Snow

7899100665591;Coifa de Ilha Cuisinart Casual Cooking HES82 90cm Inox com 4 Velocidades

6930864613266;Coifa de Parede Cuisinart Prime Cooking Led 90cm 4092740100

7891129232525;Depurador 6 bocas Consul Branco 80CM 127V - CAT80GB

7898268766607;Depurador Slim Inox 90cm Fogatti

7894693759511;Não encontrado

7896518511809;Depurador de Ar 60cm para até 4 Bocas Júpiter Biturbo Preto - Suggar

7898268766591;Depurador Slim Inox 90cm Fogatti

7898268765303;Coifa de Parede Fogatti CVC Slim Color 90 cm Amarela

7896518511823;Depurador Suggar Júpiter 80cm 220V Preto/Vermelho/Caram- elo/Creme

7896518510987;Depurador Júpiter Branco 80 cm 220v - Suggar

7897186683430;Disco Panela Alta De Ferro N36 Para Forno e Fogão 8343 MTA

7898195954252;Unifort Filtro de Cabine Dedicado para Corsa novo e Montana

7891040244171;Filtro de Alta Performance para Ar Condicionado Split 3M

7899081729459;Fogão 5 Bocas Diamante Duplo Forno com Acendimento Esmaltec

7898291101215;Fogão a Gás Natural GEMINI cor Bege 2 Bocas Forno 220 Litros Tampa de Metal VENAX

7897180500245;Fogão 4 Bocas Atlas Coliseum sem Acendimento Autolimpante

7897180500238;Fogão 4 Bocas Atlas Coliseum sem Acendimento Autolimpante

7891129264656;Fogão de Embutir Brastemp 5 Queimadores Forno Elétrico BYS5CCRRNA

7891129235403;Fogão de Piso 4 Bocas Brastemp Ative Top Glass BFD4VAR Inox Duplo Forno Dupla- Chama

7891129233676;Fogao de Piso Brastemp Ative Flat Top BFD5QAB 5 Bocas Duplo Forno

7891129233683;Fogão 5 Bocas Quadrichama Brastemp Ative Forno Duplo Branco BFD5QA

7896584071412;FogÃ£o a GÃ¡s de Piso Electrolux 4 Bocas Branco - 52SBL

7896584055078;Fogão de piso 5 bocas Celebrate Forno Duplo 76DFX Inox 220V - Electrolux

7896584055009;Eletrolux Fogão Electrolux 5 Bocas Acendimento Automático Timer Digital Tripla Chama

7896584065886;Fogão à Gás Electrolux Celebrate 76RXD 5 Bocas Inox com Duplo Forno

7896584077193;Fogão de Piso Electrolux de 05 Bocas com Duplo Forno Prata - 76MDX

7896584077209;Electrolux Fogão com porta Full Glass e duplo forno 5 queimadores de piso Prata (76MDX)

7896584079951;Fogão 5 Bocas Electrolux 76XGD Duplo Forno Superautomático 220V Silver

7896584077179;Fogão Electrolux 5 Bocas 76DAB com Porta Full Glass e Duplo Forno - Branco - 110V

7896584076820;Fogão de Piso Electrolux Celebrate 56DAX 4 Queimadores 2 Fornos Inox Bivolt 33042XBA188

7898603590232;Fundiferro Fogão Industrial 2 Bocas com Forno

7898603590133;Fundiferro Fogão Industrial 4 Bocas com Forno

7897186895345;Fogão Industrial Tron 4 Bocas Com Forno

7893956000131;FogÃ£o a GÃ¡s de Piso VenÃ¢ncio 2 Bocas - BR2B

7897186895598;Tron Fogão Industrial 6 Bocas

7893956000025;FogÃ£o a GÃ¡s de Piso VenÃ¢ncio 2 Bocas com Forno - BR2BF

7898361095116;Fogão a Gás Mueller Fratello 4 Bocas Inox

7898361095062;Fogão 5 Bocas Mueller Fratello com Acendimento Automático

7893956020108;Fogão Profissional 2 Bocas Venâncio Linha Bravo Amarelo com Forno

7893956019928;Fogão Profissional 2 Bocas Venâncio Linha Bravo Azul com Forno

7893956019782;Fogão Profissional 2 Bocas Venâncio Linha Bravo Branco com Forno

7893956021297;Fogão Profissional 2 Bocas Venâncio Linha Bravo Preto com Forno

7893956020047;Fogão Profissional 2 Bocas Venâncio Linha Bravo Verde com Forno

7893956020412;Fogão Profissional 2 Bocas Venâncio Linha Bravo Vermelho Intenso com Forno

7893956008854;FogÃ£o a GÃ¡s de Piso VenÃ¢ncio 6 Bocas com Forno - M6FD6

7898291101147;Fogão Venax Gemini 2 Bocas Com Forno - Tampa De Metal - GN Branco - Bivolt

7891259393370;Não encontrado

7894900011517;Contrabaixo Tagima Millenium Top 6

7899552109841;Forno A Gás Industrial com Acendimento manual Venax FI109 Preto/Fosc

7896560901580;Forno a Gás Layr Titanyum Super - Com Porta em Vidro - 80Litros

7898917365274;Forno a Lenha de Embutir Médio Inox Interno 430 FHI(EBM)IB - Hidro

7898917365120;Forno à Lenha Médio Inox 430 FHIMFI Hidro Industrial

7898221457986;Forno Elétrico de Mesa Cadence Gourmet FOR451 45 Litros Preto

7899510116959;Venax Forno de Embutir à Gás Arena Cromo 90 Litros 127V

7899552111387;Forno de Embutir a Gás 90L Totale Nero 11675 Venax

7899552119581;Forno de Embutir a Gás GLP Venax Bianco GII 90L

7899552119758;Forno de Embutir a Gás GLP Venax Arena- EG GII 50L - INOX

7898902921362;Forno a Gás de Embutir 50 Litros Advance Built

7899552111288;Forno à Gás de Embutir Venax 90 Litros com Grill Elétrico - Cristallo

7899552111301;Forno de Embutir A Gás com Acendimento Automático Venax CRL90 220V

7894693045218;Coifa de parede de 90 cm em aço inox + vidro 127 V PERFECTA - TRAMONTINA

7896560900965;Forno Elétrico Midy Inox 1.3 - Layr

4892679107304;Forno Elétrico 38 Litros Vicini VC- 8038

7898589670034;Forno Elet 38 Lt Basico Preto Branco Best

7890000014304;Tênis Casual Médio Couro 521 Beira Lago

7898589670096;Forno Eletrico Plus 60 Litros Preto/Branco 220v Best

0086279052278;Não encontrado

7898951525726;Forno Elétrico 45L AFR 4500 Bancada Inox Amvox

7897180501839;Forno Elétrico- de Bancada- 44L- 1750 W- ATLAS

7897180501846;Forno Elétrico de Bancada Atlas 30000019 44 Litros Branco

7896513315822;Forno Elétrico 32 Litros Fischer Cook Line com Timer Grill 17413 18921

7899552118188;Forno Elétrico 45L Venax Grand Gourmet - 127 V Preto Fosco - 16858

7896513308282;Forno Elétrico 44L Embutir com Timer e Função Dourador Fit Line Branco - Fischer

7898902921096;Churrasqueira Elétrica de Bancada 3 Espetos Rotativos Built - 110v

7896584075052;Forno elétrico de embutir Electrolux com 59 Litros preto OE60M

7896584065688;Forno Elétrico de Embutir Electrolux Blue Touch e Push and Pul Inox 80 Litros 220v (OE8DX)

7898232187520;Forno Elétrico de Embutir Fogatti F450 45L Vidro Preto c/ Timer Dourador Auto Limpante 220V

7894693034007;Forno Elétrico de Embutir 56L 94851220 Tramontina

7898361093648;Forno Elétrico De Bancada Sapore 44 Litros Mueller - Branco - 220V

7898361093587;Forno Elétrico 44 Litros Mueller Sapore Preto com Grill e Timer

7898361091262;Forno Elétrico 44 Litros Mueller Sonetto Branco com Grill e Timer

7898361093150;Forno Elétrico de Bancada Sonetto 220v Stile Mueller 60 1110 003

7898361099046;Não encontrado

7898361093686;Forno Elétrico de Embutir Celebrare 220v Inox Mueller

7899639730319;Forno Elétrico Eros 44L Autolimpante Branco Realce - 127V

7898268768816;Forno Elétrico de Embutir Fogatti F450 45 Litros Preto

7898461964787;Ventisol Forno Elétrico 34 Litros 1500w 127v FE34 Agratto

7898268768823;Forno Elétrico De Embutir F450 Vidro Black 45L Fogatti 220 V

7898221457979;Forno de Bancada Gourmet 45L 127v Ref.FOR451127 Cadence

7896513315556;Forno Elétrico 44L Fischer Gratinatto Grill e Timer Inox Escovado

0040094935277;Não encontrado

7896560901207;Forno Elétrico 45L Unyk Inox - Layr

7899552111189;Forno Elétrico Luxo 45L com Controle Automático de Temperatura Venax Feluc45 Vermelho 220V

7896560900309;Forno Elétrico 46L Luxo Classic Inox - Layr

7898361098919;Forno Elétrico Mueller Sonetto Stile 44l Com Timer - Fosco

7896843935714;Não encontrado

7898232180255;Forno Elétrico Nardelli Nx50 50 Litros com Dourador

7898232180248;Forno Elétrico Nardelli Nx50 50 Litros com Dourador

7898361093600;Forno Elétrico de Embutir 44 Litros Gril e Timer Celebrare Branco - Mueller

7891356077876;Não encontrado

7891356068508;Forno Elétrico Philco 46L Auto Limpante Luz interna Multi funções

7891356074929;Forno Elétrico Philco PFE60I Função Dourar

7891356072192;Forno Elétrico PFE46 Branco Capacidade Para 46 Litros Philco

7898589670102;Forno Eletrico Plus 60 Litros Preto/Branco 110v Best

7896911300215;Forno Elétrico Profissional Lady Total Inox com migalheiro Safanelli

7898361098988;Forno Elétrico Mueller Sapore 44 Litros com Timer - Inox - 110V

7898361098971;Forno Elétrico Mueller Sapore 44 Litros com Timer ? Preto - 110V

7896524515778;Semp TCL Toshiba Forno El?trico Semp Crispy 17 Litros FO3015PR

7896524515730;SEMP TOSHIBA LINHA BRANCA Forno Elétrico Semp Toshiba Soft Roast 42 Litros Preto

7898232182518;Forno Elétrico Nardelli Slim 45 Litros 1700W Prata

7898361092481;Forno Elétrico 44 litros Mueller Sonetto 601110001 Inox

7898361092498;Forno Elétrico 44 Litros Mueller Sonetto Inox com Grill e Timer

7896518511694;Forno 44l 110v Preto Suggar

7896911302837;Forno Elétrico Safanelli Century 45L

7896911303049;Forno Elétrico de Bancada 45L Du Chef Plus Safanelli 127V Preto

7894693034014;Forno Elétrico de Embutir 94852220 Tramontina

7899552111165;Venax Forno Elétrico 45 Litros Classic Vintage Amarelo

7899552111172;Forno Elétrico Luxo 45L com Controle Automático de Temperatura Venax Feluc45 Azul

7899552118195;Forno Elétrico Venax Grand Gourmet 45L com Grill e Timer 120 minutos Branco - 110V

7894693044433;Forno Elétrico de Embutir Glass Brasil 60 3F - Tramontina - 220V

7899552119543;Forno de Embutir a Gás GLP Venax Bianco GII 50L

7893956003651;Não encontrado

7899758005473;Forno Industrial À Gás Com Cavalete 135L Baixa Pressão Itajobi

7893956002586;Forno a GÃ¡s VenÃ¢ncio Roma - FIRI110

7893956014237;Forno a GÃ¡s VenÃ¢ncio Roma - FIRI90

7899758002793;Não encontrado

7899758005664;Não encontrado

7899758005671;Não encontrado

7893956002661;Forno Elétrico pães bolos e pizzas - FERI60 - 220v - Venâncio

7899758000485;ITAJOBI FOGÕES Forno Industrial Extra Médio 76 Litros Gás Porta Vidro P/ Fogões B. P. 2 a 12 Bocas S

7898466536521;Forno Industrial Elétrico Progás PRP- 124E SE - 220V

7899758003943;Não encontrado

7898466528458;Forno Para Fogão Industrial Acima De 4 Queimadores Fsi- 680N Progás

7898654582958;Forno A Gás Turbo 5 Trilhos Bivolt Ftg 150 Gpaniz

7891129241206;Forno Elétrico de Mesa com Micro- ondas Brastemp Gourmand BMR31 31L Preto 220V

7898466530031;Frangueira e Forno Multiuso a Gás 70 Kg PRP- 242 G4 Progás

7898338263210;Assador a Gás Rot Multi Grill PRO Acendimento Automático - Arke

7898563679336;Forno Industrial Pequeno 50L Com Tampa Inox Alta Pressão Kenok

7898563679329;Forno Industrial Master 104L Com Tampa Inox Baixa Pressão Kenok

7898563679305;Forno Industrial Grande 85L Com Tampa Inox Baixa Pressão Kenok

7898603591031;Estante De Aço 3 Prateleiras Amarelo Fundiferro

7898216296637;Ferro a Vapor Mondial Comfort Rose F- 23

7893956014220;Forno a GÃ¡s VenÃ¢ncio Bravo com PÃ©s - BRFP

7893956002340;Forno a Gás Sem Pés Venâncio com Visor Industrial - BRF

7898466528090;Forno Indutrial Elétrico Progás PRPE 770

7893956002906;Venâncio Forno Industrial El?trico Inox 220V - Linha Roma - Feri90 - Selo Inmetro - Ven?ncio

7893956002531;Forno a GÃ¡s VenÃ¢ncio Roma com Cavalete em AÃ§o Inox - FIRIV90

7893956002616;Forno a GÃ¡s VenÃ¢ncio Roma com Cavalete em AÃ§o Inox - FIRIV110

7893956003446;Não encontrado

7893956003453;Não encontrado

7898466538372;70 LITROS Forno Turbo Elétrico 4 Assadeiras Fast Oven Prp- 004 Progas

9900000133481;Não encontrado

9900000133504;Não encontrado

7899908711629;Freezer / Expositor Horizontal Metalfrio 223 Litros Porta De Vidro 220v NF30LCD001

7891356007972;Philco Freezer Horizontal Ph200 56 451 020 Philo 127v Branca

7891356007989;Philco Freezer Horizontal Ph200 56 452 020 Philo 220v Branca

7898291106180;Congelador Comercial Horizontal 420 Litros VENAX Branco CHDM420L

7891129254107;Freezer 305 Litros Consul 1 Tampa Classificação A CHA31

7891129254114;Freezer 305 Litros Consul 1 Tampa Classificação A CHA31

7891129254121;Freezer Consul 404L com 2 Tampas Classe A CHB42EB

7891129254145;Freezer Consul 519L com 2 Tampas Classe A CHB53EB

7896584017427;Freezer Horizontal Cycle Defrost H500 477 Litros 2 Portas 220V - Electrolux

7891379011659;Freezer e Refrigerador Horizontal (Dupla Ação) 2 tampas 546 litros DA550 – Metalfrio

7891379044190;Freezer e Refrigerador Horizontal (Dupla Ação) 1 tampa 293 litros DA302 – Metalfrio

7891379044206;Freezer e Refrigerador Horizontal (Dupla Ação) 1 tampa 293 litros DA302 – Metalfrio

7899069629528;Gelopar Conservador E Refrigerador Horizontal - Ghbs- 310S

7899069629566;Gelopar Conservador E Refrigerador Horizontal - Ghbs- 510

7899069629535;Conservador Horizontal Gelopar GHBS- 310 1 Tampa

7898626575858;Freezer Horizontal Uma Porta Midea 202L 127V RCFA22

742832770897;Freezer Vertical 229l Imbera

7899081711379;Cervejeira Esmaltec CV300R 300 Litros Adesivada

7899069600572;Refrigerador Expositor Gelopar GLDR- 570 572 Litros 1 Porta Frost Free Branca

7891379064105;Cervejeira Metalfrio VN50R 572 Litros 1 Porta Frost Free Estampada

7891379028770;Metalfrio Solutions Ltda Refrigerador Cervejeira VN50R 497 Litros c/ Porta de Vidro - Metalfrio - 11

7891379064112;Cervejeira Metalfrio VN50R 572 Litros 1 Porta Frost Free Estampada

7899069600886;Refrigerador Vertical Conveniência GTPC- 575 - Gelopar

7897186683775;Frigideira De Ferro Fundido N 24 Com Tampa De Vidro 8377 MTA

5555223143133;Brasforma Rack con suporte para TV LCD|LED|PLASMA|3D 37  até 70  SBRR0.3 94032000

0000025085013;Nunwhore Commando 666 - Nunwhore Commando 666

0044001911118;666 Rhythm Takes Control (666 In The Mix)

0602498259870;666 Policia! (666 Alerta! Screen Cut)

0666496425422;666: Double Dose of Maiden / Various - 666: Double Dose of Maiden

0720264321689;Megadyne Zahnriemen 100 - S3M - 666 - 222 Zähne - 3 mm Teilung - 666 mm - 10 mm Breit

0720264321696;Megadyne Zahnriemen 150 - S3M - 666 - 222 Zähne - 3 mm Teilung - 666 mm - 15 mm Breit

0741157056624;666: Number One Beast 1: Tribute to Iron Maiden - Vol. 1- 666- Number of the Beast

0741157090925;Iron Maiden Tribute: 666 Number One Beast 2 / Var - Vol. 2-666-Number of the Beast

0751707077719;MOTHERFUCKER 666 OLD SCHOOL PUNKS W/MEMBERS FROM ANGRY SAMOANS LAZY COW. MOTHERFUCKER 666 Vinyl LP

0751707077726;MOTHERFUCKER 666 OLD SCHOOL PUNKS W/MEMBERS FROM ANGRY SAMOANS LAZY COW. MOTHERFUCKER 666 CD

0759718515817;Davila 666 Davila 666

0867574000191;11666666666666666666 - Mukqs

0884501031196;Creepsvile 666 Creepsville 666

1111530586076;Power Stop 16-666 Z16 Evolution Scorched Brake Pads 16-666

1111530618418;Power Stop Z23-666 Z23 Evolution Sport Brake Pads Z23-666

4000896206841;Hazet 666- 7 Airco- installaties ventiel bit 666- 7

4003625066600;Ersatz-Pfefferstreuer für Menage Sets 666 (Set of 3) 666/902

4003625066617;Ersatz-Salzstreuer für Menage Sets 666 (Set of 3) 666/901

4003625964241;Ersatz-Maggiflasche für Menage Sets 666 666/904

4003625964456;Ersatz-Sojaflasche für Menage Set 666/005 666/905

4003625965408;Senflöffel für Menage Sets 666 666/100

4003625971706;Ersatz-Senftöpfchen für Menage Sets 666 666/903

4007841003777;Steinel L 666 LED - Wall luminaire 1x8W LED - L 666 LED

4007841006211;Steinel EG L 665/L 666 LED - Ersatzglas EG L 665/L 666 LED

4007841053116;Steinel L 666 LED ANT V2 - Ceiling- /wall luminaire L 666 LED ANT V2

4011333106662;HaWe 10.666 MAGNET-STECKSCHLÜSSEL-EINSATZ 1/4 Z 4011333106662-HaWe.10.666

4011333426661;HaWe 42.666 BAUSCHLÜSSEL MIT MESS-SKALA 4011333426661-HaWe.42.666

4011333666081;HaWe 666.08 GIPSERHANDSCHUH POWER GRIP GR 8 4011333666081-HaWe.666.08

4011333666098;HaWe 666.09 GIPSERHANDSCHUH POWER GRIP GR 9 4011333666098-HaWe.666.09

4011333666104;HaWe 666.10 GIPSERHANDSCHUH POWER GRIP GR 10 4011333666104-HaWe.666.10

4011333666111;HaWe 666.11 GIPSERHANDSCHUH POWER GRIP GR 11 4011333666111-HaWe.666.11

4017332059404;WAGO Kontakttechnik 209-666/000-006 (5 Stück) - Label for terminal block blue 209-666/000-006

4017332059411;WAGO Kontakttechnik 209-666/000-005 (5 Stück) - Label for terminal block red - 209-666/000-005

4017332273442;WAGO Kontakttechnik 209-666 (5 Stück) - Label for terminal block 5mm white - 209-666

4017332397209;WAGO Kontakttechnik 793-666 (5 Stück) - Label for terminal block 175mm white - 793-666

4028177926813;Rittal SV 9681.666 - Dachblech BT: 600x600mm IP 55 SV 9681.666

4046719350353;3M Telecommunications 43018-666 31 - Patch panel copper - 43018-666 31

4050821255475;WAGO 750- 666/000- 003 SPS- Erweiterungsmodul 750- 666/000- 003 1St.

4050821255482;WAGO 753- 666/000- 003 SPS- Erweiterungsmodul 753- 666/000- 003 1St.

7899903143036;MXT CONTROLE REMOTO PARA AR CONDICIONADO SPLIT GREE OU TRANE Yb1f2 Yb1fa Yb1f

7899903143029;Controle Remoto MXT 01334 Ar Condicionado YT1F Split Gree

7896985171032;Sasazaki Guarnição para Janela de Correr Alumínio 5cm x 51cm x 150m Branco

7896985171049;Sasazaki Guarnição para Janela de Correr Alumínio 5cm x 51cm x 200m Branco

7896985171070;Sasazaki Guarnição para Janela Integrada Alumínio 5cm x 51cm x 150m

7896985017125;Guarnição em Alumínio para Janela Maxim-Ar Sasazaki 60cm x 80cm Branca Branco

7896985017057;Guarnição em Alumínio para Janela de Correr Sasazaki 100m x 200m Branca Branco

7895272350938;AUTOMORTEX Kit Coifa Da Caixa De Direcao Hidraulica Sem Rolamento Escort Sw Focus Gi

7895272350921;Não encontrado

7895272350471;Não encontrado

7895272350945;AUTOMORTEX Kit Coifa Da Caixa De Direcao Hidraulica Sem Rolamento Courier Fiesta Focus Ka Mondeo

7895272351072;Não encontrado

7895272351058;Não encontrado

7895272354707;AUTOMORTEX Reparo Do Semieixo Lado Roda Com Graxa Ecosport Focus 2.0

7895272350310;Não encontrado

7895272350457;Não encontrado

7895272353939;AUTOMORTEX Kit Coifa Homocinetica Cambio Esquerdo Sem Rolamento Golf Golf Golf Polo Classic 1.8

7895272350051;AUTOMORTEX Kit Coifa Homocinetica Cambio Com Rolamento Laguna Megane 2.0

7895272350341;AUTOMORTEX Kit Coifa Homocinetica Cambio Sem Rolamento Courier Courier Fiesta Fiesta Gi

7895272354714;AUTOMORTEX Reparo Do Semieixo Lado Cambio Com Graxa Ecosport Focus 2.0

7895272359702;AUTOMORTEX Kit Coifa Homocinetica Lado Roda Sem Rolamento Gol Gv 1.6

7895272350327;AUTOMORTEX Kit Coifa Homocinetica Cambio Sem Rolamento Ecosport Focus Mondeo

7895272350167;AUTOMORTEX Kit Coifa Homocinetica Cambio Sem Rolamento 206

7895272350440;Não encontrado

7895272353694;AUTOMORTEX Kit Coifa Homocinetica Roda Sem Rolamento Clio Ii

7895272353724;AUTOMORTEX Kit Coifa Homocinetica Roda Sem Rolamento Ducato Ducato

7895272359191;Não encontrado

7895272359184;AUTOMORTEX Kit De Amortecedor Esquerdo Com Coxim Com Rolamento Com Batente Com Coifa Grand Livina L

7895272358293;AUTOMORTEX Kit De Amortecedor Dianteiro Com Coxim Com Rolamento Com Batente Com Coifa C3 Gi

7895272358132;AUTOMORTEX Kit De Amortecedor Dianteiro Com Coxim Com Rolamento Com Batente Com Coifa Courier Fiest

7895272358316;AUTOMORTEX Kit De Amortecedor Dianteiro Com Coxim Com Rolamento Com Batente Com Coifa Civic

7895272359276;AUTOMORTEX Kit De Amortecedor Traseiro Com Batente Com Coifa Linea Lx Hlx Punto 1.8

7895155612832;Kappesberg Armário 04 Portas 02 Gavetas para Forno ou Microondas C658 Versatti Nacre - Ka

7898573570081;KIT Instalação para Ar Condicionado Split 12.000 Btus 2 Metros com Suporte Okity

7898573570999;OKITY Kit De Inst Ar Condi 12 E 18 Mil Btus 3M S/Suporte - Cb- 0203

7898573570036;Okity KIT Instalação para Ar Condicionado Split 7/9.000 Btus - 3 Metros com Suporte

7895272213165;Universal Kit De Macaneta Interna + Coifa De Couro Do Cambio Porta Dianteira Direito E Esquerdo Crom

8806088681788;Não encontrado

8806088681795;Não encontrado

7896584068009;Lava e Seca Electrolux LSW12 12kg Branca com Painel Digital

8806098059997;Não encontrado

8806084715654;Não encontrado

8806084659170;Não encontrado

8806084715951;Não encontrado

8806084715241;Não encontrado

8806084931412;Lava & Seca 14 Kg LG Top Gun Aço Escovado com 14 Programas de Lavagem - WD1014R

7898554871619;Lava e Seca 12 Kg Midea Storm Wash Inverter Tambor 4D Branco com 16 Programas de Lavagem - LSD12

8806088599083;Não encontrado

8806088599113;Não encontrado

8801643457051;Não encontrado

8801643456993;Não encontrado

8801643457044;Lava & Seca 11 Kg Samsung Eco Bubble Prata com 12 Programas de Lavagem - WD11M44530S

8801643457068;Lava & Seca 11 Kg Samsung Eco Bubble Branco com 12 Programas de Lavagem - WD11M44530W

8801643457075;Não encontrado

8801643206291;Não encontrado

8806087938500;Lava & Seca 17 Kg LG TWINWash Aço Escovado com 14 Programas de Lavagem - WD17VTS6.ASSFBRS

7895500724067;Lavadora de Roupas 10Kg Semi- Automática ML60 Lavete Intense - Arno

7891129209336;Lavadora de Roupas Automática Brastemp 11KG - BWG11

7891129209343;Lavadora de Roupas Brastemp Ative! 11Kg Painel Smart Touch Fast Cycle Inox 220V BWG11ARBNA

7891129232952;Lavadora Consul Facilite 115 kg Branca 127V CWG12ABANA

7891129232969;Lavadora Consul Facilite 115 kg 16 Ciclos de Lavagem 4 níveis de água CWG12

7891129232938;Lavadora Consul Facilite 11 kg Branca 127V CWE11ABANA

7898350361857;Lavadora de Roupas New.Up! 12 kg com 9 Programas e Filtro de Fiapos - Branca

8801643216290;Lava & Seca 102 Kg Samsung QDrive com Smart Control AddWash Inox 14 Programas de Lavagem - WD10N

8806086704045;Não encontrado

8806086704069;Não encontrado

8806086704076;Não encontrado

7896584053579;Lavadora e Secadora Top Load LST12 12 Kg Branco 127V - Electrolux

7896584053586;Lavadora e Secadora Top Load LST12 12 Kg Branco 220V - Electrolux

8887549690389;Não encontrado

8887549690396;Não encontrado

8806088681801;Não encontrado

8806088681818;Não encontrado

8806086704144;Não encontrado

8801643216306;Lava & Seca 102 Kg Samsung QDrive com Smart Control AddWash Inox 14 Programas de Lavagem - WD10N

8801643457020;Não encontrado

8801643457037;Não encontrado

8801643457006;Lava & Seca 11 Kg Samsung Eco Bubble Inox com 14 Programas de Lavagem - WD11J6410AX

8801643457013;Não encontrado

8806085296589;Não encontrado

8806085311794;Não encontrado

8806085304048;Não encontrado

8806085290921;Não encontrado

8806086690058;Não encontrado

7896783807287;Lavadora de Roupas Latina LA551 10Kg Branco Semi- Automática

7896664601317;Lavadora Automática Special Easy Dry 127V Branca Mueller

7896664602925;Lavadora Secadora De Roupa 7Kg 350W 110V Branca Mueller

7896664602932;Lavadora Secadora De Roupa 7Kg 350W 220V Branca Mueller

7896664602833;Lavadora Secadora De Roupa Energy 6Kg 680W 110V Branca Mueller

7896664602840;Lavadora Secadora De Roupa Energy 6Kg 680W 220V Branca Mueller

7896664602864;Lavadora Secadora De Roupa Popmatic 6Kg 550W 110V Branca Mueller

7896664602871;Lavadora Secadora De Roupa Popmatic 6Kg 550W 220V Branca Mueller

7896664602901;Lavadora Secadora De Roupa Popmatic 8Kg 610W 220V Branca Mueller

7896664602895;Lavadora Secadora De Roupa Popmatic 8Kg 650W 110V Branca Mueller

7896664602949;Lavadora Secadora De Roupa Vip 7Kg 350W 110V Branca Mueller

7896664602956;Lavadora Secadora De Roupa Vip 7Kg 350W 220V Branca Mueller

7896664600426;Lavadora De Roupas Tanquinho Poptank 5 Kg Mueller - Branco - 220V

7896664695378;Lavadora de Roupas Mueller 8kg Super Tank - Preto

7896664695385;Lavadora de Roupas Supertank Mueller - 8Kg - 220V

7898903556440;Lavadora de Roupas 3 Kg Libell Tanquinho Premium Branco - 50020023

7890052015632;Lavadora Mariana 7 Kg Timer 23 Minutos LVDMARIANA7KG Wanke - Preto - 110V

7898350361918;Lavadora Newmaq 3Kg - 110V

7890000305341;Não encontrado

7898314112334;Spray limpa ar condicionado orbi classic 200ml

7897217331743;Spray Limpa Ar Condicionado Lavanda Autoshine 250ml

9788521613466;Buch: Instalações de Ar Condicionado (ISBN: 8521613466)

7899690830027;Luva de Cozinha DC Comics Superman Mini Logos Azul em Algodão Urban 29x18 cm

7899690840309;Urban Luva Looney Tunes

7895706006974;Marflex Cabo De Vela C10 Caravan Comodoro Opala Veraneio Todos Com Ar Condicionado E 6Cc Comum Forn

7890000280600;Não encontrado

7897270313908;Não encontrado

7891129237711;Lavadora de Roupas Brastemp 11kg BWK11A Turbo Performance

7891129237728;Lavadora de Roupas Brastemp Ative! BWK11AB 11Kg Branca Turbo Performance

7891129232846;Lavadora de Roupas Brastemp 11 kg BWJ11AB com Turbo Performance – Branca

7891129241930;Lavadora BWT12 12 kg Branco Brastemp

7891129241985;Lavadora BWT12 12 kg Branco 220V - Brastemp

7891129251441;Lavadora de Roupas Brastemp 15kg BWD15AB Branca Double Wash

7891129234468;Lavadora de Roupas Automática 15KG Brastemp BWH15AB

7891129234901;Lavadora Brastemp 15 KG 7 Programas de Lavagem BWH15AB

7891129252608;Lavadora Brastemp Dual Wash 15Kg

7891129255807;Lavadora Brastemp 15Kg Dual Wash Grafie 220v BWD15A9

7897016823548;Lavadora de Roupas Colormaq LCA 12.0 115 kg Branca Automática

7897016824576;Lavadora de Roupas Automática 11.5Kg Colormaq - LCA 12

7897016826488;Lavadora de Roupas Semiautomática Colormaq LCM 15 15kg Branca e Azul

7891129267466;Bally Smash shoulder bag - Amarelo E Laranja

7891129267473;Lavadora Consul 12kg - CWH12AB

7891129234314;Lavadora de Roupas 16kg Consul CWL16AB

7891129234321;Brastemp Lavadora de Roupas Automática Consul 16kg 220v - CWL16AB

7896584070262;Electrolux Lavadora Front Load com Motor Inverter Cesto Inox e Sistema Vapor LFE10

7896584070279;Electrolux Lavadora Front Load com Motor Inverter Cesto Inox e Sistema Vapor LFE10

7896584070781;Máquina de Lavar | Lavadora de Roupa Electrolux 105Kg Branca - LAC11

7896584070798;Lavadora de Roupas AutomÃ¡tica 105Kg Electrolux 12 Programas Lavagem - LAC11

7896584072143;Lavadora Electrolux Automática Topload 12kg Cesto Inox LAC12

7896584072150;Lavadora Electrolux Automática Topload 12kg Cesto Inox LAC12

7896584071542;Lavadora de Roupas Electrolux 13kg LAC13 Branca Turbo Economia

7896584071559;Lavadora de Roupas Automática 13Kg Electrolux 12 Programas Lavagem - LAC13

7896584071566;Lavadora de Roupas Automática 16Kg Electrolux Turbo LAC16 Branco

7896584071573;Lavadora de Roupas AutomÃ¡tica 16Kg Electrolux 12 Programas Lavagem - LAC16

7896584079241;Não encontrado

7896584079258;Não encontrado

7841764080067;Máquina de Lavar Infantil Lava- Lava Homeplay

8806098098712;Não encontrado

7896067226896;Lavadora de Roupas Panasonic 12 Kg NA- F120B5GA Cinza Metálico 110V

7896067226339;Lavadora de Roupas AutomÃ¡tica 14Kg Panasonic 9 Programas Lavagem - F140B5W

7896067226346;Lavadora de Roupas Panasonic 14 kg NA- F140B5W com Reuso de Água - Branca

7896067226322;Lavadora de Roupas- NA- F160B5WA- 16 kg- PANASONIC

7896067226315;Lavadora de Roupas AutomÃ¡tica 16Kg Panasonic 9 Programas Lavagem - F160B5W

7896067226308;Lavadora de Roupas Panasonic 16 kg NA- F160P5X com Reuso de Água - Aço Escovado

7896067226292;Lavadora de Roupas AutomÃ¡tica 16Kg Panasonic 9 Programas Lavagem - F160P5X

7891129241961;Lavadora BWQ12 Água Quente 12 kg Brastemp

7891129241992;Lavadora BWQ12 Água Quente 12 kg Brastemp

7891129246027;Lavadora de Roupas Brastemp BWJ09A 9 Kg Branca Enxágue Duplo

7891129232839;Lavadora Brastemp 11Kg 110V

7891129251434;Lavadora de Roupas Brastemp 15kg BWD15AB Branca Double Wash

7891129251731;Lavadora de Roupas Consul 12kg CWS12AB Branca 16 Programas de Lavagem

7891129251298;Lavadora Consul 13Kg Maxi Economia

7891129251748;Lavadora Consul 13Kg Maxi Economia

7890052015724;Lavadora De Roupa Tradicional 5 Kg 15L Wanke - Clara - 220V

7890052015601;Lavadora De Roupa Tradicional 5 Kg 15L Wanke - Preto - 110V

7890052015618;Lavadora De Roupa Tradicional 5 Kg 15L Wanke - Preto - 220V

8801643457082;Lavadora de Roupas 11 Kg Samsung Eco Bubble Branca com 12 Programas de Lavagem - WW11J44530W

8801643457099;Não encontrado

8801643457105;Lavadora de Roupas 11 Kg Samsung Eco Bubble Branca com 12 Programas de Lavagem - WW11K6800AW

7890052013157;Lavadora Space Lilás 5Kg Semi Automática LVDSPACE5KG Wanke - 110V

8007842809077;Microondas de Embutir Cuisinart Prime Cooking 220V 3x1 35L com Display de LED

7898490163786;Compra Shop Forno Elétrico Mondial Pratic Cook FR- 09 6 Litros Preto 650W

7896562101261;Míni Relé Auxiliar 12v 30/20a Dni 0126

7896403740345;Belfix Conjunto Leblon 4 Cadeiras Text Mesa Vid Ombr Cf Pt

7909103587827;Módulo Para Forno e Microondas 4 Pts Sicília Frontal Vidro Argila- Texturizada Multimóveis

7909103587803;Módulo Para Forno e Microondas Sicília 5120 Multimóveis

7909103587780;Módulo Para Forno e Microondas 4 Pts Sicília Argila e Vermelho Scarlet Multimóveis

7909103587797;Módulo Para Forno e Microondas 4 Pts Sicília Vidro Argila e Vermelho Scarlet Multimóveis

7892946171165;Itatiaia. Armário Jazz IPLDAFNO 70 3 Portas Coimbra Bege Itatiaia

7899800511136;Paneleiro kit forno THB Gourmet 3 Portas Teka Sensitive/Porta Basculante Ravena

7899800511075;Torre quente THB Gourmet Espaço para Fornos 3 Portas

7909103826971;Módulo Para Forno 4 Portas Sicília Argila e BrancoTexturizado Multimóveis

7909103587698;Módulo para Forno e Microondas 4 Pts Sicília Argila e Preto Brilho Multimóveis

7892946325476;Paneleiro Duplo para Forno Tarsila Itatiaia IPLDPFNO- 70 Branco Neve

7898572414485;Paneleiro Torre Quente 3 Portas e Adega 0862 Genialflex Castanho/Branco

7898456948891;Paneleiro Kit Forno Decibal Lis 4037r 1 Porta e 2 Gavetas - Cedro/wood

7898456948587;Paneleiro para Forno 2 Portas Nc305 Freijó/Acácia - Decibal Móveis

7900000002772;Tênis New Balance 420 Retrô Running Feminino - 34 - AZUL PETRÓLEO

9780131895133;Buch: postcards 3 - powerpack (ISBN: 0131895133)

7899069635888;Refrigerador de Bebidas Cervejeira Gelopar GRBA- 400PV BR - 220v

7899069627791;Cervejeira GRBA- 570PVA PR Vidro Duplo Temperado Frost Free Capacidade 570 L Gelopar

7899069633242;Refrigerador de Bebidas Cervejeira Gelopar GRBA- 120GW Porta Cega

7899069633259;Refrigerador de Bebidas Cervejeira Gelopar GRBA- 120QC Porta Cega Preto Adesivado - 110v

7899069633266;Refrigerador de Bebidas Cervejeira Gelopar GRBA- 120QC Porta Cega Preto Adesivado - 220v

7899069633594;Refrigerador de Bebidas Cervejeira Gelopar GRBA- 230EQC Porta Cega Preto Adesivado - 110v

7899069633600;Refrigerador de Bebidas Cervejeira Gelopar GRBA- 230EQC Porta Cega Preto Adesivado - 220v

7899069631354;Refrigerador Bebidas Cervejeira Gelopar GRBA- 230EV PR Porta de Vidro Condensador Est?tico

7899069631378;Refrigerador Bebidas Cervejeira Gelopar GRBA- 230EV VM Porta de Vidro Condensador Est?tico

7899069631385;Refrigerador Bebidas Cervejeira Gelopar GRBA- 230EV VM Porta de Vidro Condensador Est?tico

7899069633624;Gelopar REFRIGERADOR DE BEBIDAS Cervejeira 230l - Condensador estático GRBA- 230E WD 220V

7899069633464;Refrigerador de Bebidas Cervejeira Gelopar GRBA- 450QC Porta Cega Preto Adesivado - 220v

7899069633488;Refrigerador de Bebidas Cervejeira Gelopar GRBA- 450WD Porta Cega Preto Adesivado - 220v

7899069635970;Refrigerador de Bebidas Cervejeira Gelopar GRBA- 400PV PR - 110v

7899069633549;Refrigerador de Bebidas Cervejeira Gelopar GBRA- 570WD Porta Cega Adesivado

7899069633532;Refrigerador de Bebidas Cervejeira Gelopar GBRA- 570WD Porta Cega Adesivado

7899069633433;Gelopar Cervejeira 450L Expositor de Bebidas

7899069633440;Gelopar Cervejeira 441 Litros Controlador Digital Painel em LED

7899069633457;Refrigerador de Bebidas Cervejeira Gelopar GRBA- 450QC Porta Cega Preto Adesivado - 110v

7899069633471;Refrigerador de Bebidas Cervejeira Gelopar GRBA- 450WD Porta Cega Preto Adesivado - 110v

7899069635871;Refrigerador de Bebidas Cervejeira Gelopar GRBA- 400PV BR - 110v

7899069635987;Refrigerador de Bebidas Cervejeira Gelopar GRBA- 400PV PR - 220v

7899069633501;Refrigerador de Bebidas Cervejeira Gelopar GBRA- 570CB Porta Cega Adesivado

7899069633617;Refrigerador de Bebidas Cervejeira Gelopar GRBA- 230EWD Porta Cega Preto Adesivado - 110v

7899069613329;Refrigerador/Cerveje- ira Gelopar Frost Free com Indicador de Temperatura Digital GRBA- 120VM 112 Li

7899069613336;Refrigerador/Cerveje- ira Gelopar Frost Free com Indicador de Temperatura Digital GRBA- 120VM 112 Li

7899069618898;Refrigerador/Cerveje- ira Gelopar GRBA- 230PR 228 litros 1 porta Frost Free Preto

7899069618904;Refrigerador/Cerveje- ira Gelopar GRBA- 230PR 228 litros 1 porta Frost Free Preto

7899069618911;Refrigerador/Cerveje- ira Frost Free 228 Litros com Indicador de Temperatura Digital GRBA- 230VM Ver

7899069618928;Refrigerador/Cerveje- ira Frost Free 228 Litros com Indicador de Temperatura Digital GRBA- 230VM Ver

7899069600183;Refrigerador/Cerveje- ira Gelopar GRBA-450PVA 445 litros 1 porta Frost Free Branco

7898252650516;Não encontrado

7898239012825;Não encontrado

7896562181119;Relé Auxiliar Uso Geral 12V DNI 8111

7896562186091;Relé do Ar Condicionado e Arrefecimento 12V DNI 8609

7896562186077;Relé do Ar Condicionado e Arrefecimento 12V DNI 8607

7896562186114;Relé do Ar Condicionado e Arrefecimento 12V DNI 8611

7896562186084;Relé do Ar Condicionado e Arrefecimento 12V DNI 8608

7896562186121;Relé do Ar Condicionado e Arrefecimento 12V DNI 8612

7896562185179;Relé Para Ar Condicionado e Arrefecimento 12V DNI 8517

7896562186138;Relé do Ar Condicionado e Arrefecimento 12V DNI 8613

7896562186060;Relé do Ar Condicionado e Arrefecimento 12V DNI 8606

7896562186107;Relé do Ar Condicionado e Arrefecimento 12V DNI 8610

7896562181188;Relé Para Ar Condicionado 12V 2x30A DNI 8118

7896562185032;Relé do Ar Condicionado 12V DNI 8503

7896562103388;Relé para Ar condicionado 12V DNI 0338

7896562103241;Relé para Ar- condicionado 12V DNI 0324

7896562103425;Relé para Ar- condicionado 12V 25A DNI 0342

7896562185117;Relé Para Ar Condicionado 12V DNI 8511

7898531213913;Não encontrado

7898531213753;Não encontrado

7898531213821;Não Informado Resistência Do Ar Condicionado Ford F250 /F350 /F4000 - Cemak

7894644004400;Não encontrado

7898173505360;Limpa Ar Condicionado (cada 01 Unidade) Radnaq 6023 Air Treatmen Clean (granada) Carro Novo

7898335081640;Saco para Lavadora de Roupas Ordene Branca

7898335081657;Saco Para Lavadora de Roupas Branco - Ordene

7898357592384;Sensor Eletrônico - Ar Condicionado 3Rho 8807 Vw

7898202551054;Sensor magnetico sem fio shc fit jfl

7893071003185;Sensor Magnético Portas e Janelas SMSFPPEJ ECP

7898491463793;Skin Para Notebook Janela Com Tiro 17 Polegadas C3 Tech

7898314112310;Limpa AR Condicionado ORBI- AIR ORBI Quimica Carro Novo 300 ML

7898436143346;Limpa Forno e Microondas Aerosol com 300ml Dom Line

7896589400644;Stevita Pó Forno & Fogão - Stevita - 400g

7898024051763;Limpa Ar Condicionado Auto Air Cleaner STP Neutro

7895155780531;Nicho para Microondas D741 Sense Kappesberg Nature

7898447320286;Botafogo Suporte Para Ar Condicionado Em Alumínio 7.500btu

7896643440012;Multivisão Suporte para forno de micro- ondas f- decor prata fosco

7896643400047;Suporte para Forno Microondas F200 Branco Multivisao

2010000037126;EAN zur internen Verwendung (nicht eindeutig)

7622300859978;Não encontrado

7897102999799;F.N. Suporte Universal para SPLIT 7000 a 30.000 BTUs Branco Giro Visão

7895500726047;Tanquinho Arno 11 Kg Lavete Eco Branco Verde - ML80 - 110v

7896664601966;Lavadora de Roupas 13kg Mueller Big Stile - Preto

7896664695347;Lavadora Mueller SuperTank 8 kg Branca - 127V

7895500724883;Máquina de Lavar Semiautomática Lavete Intense Gold Arno 220 Volts

7897016823425;Lavadora De Roupas Colormaq Lcb10 10 Kg Com 5 Programas De Lavagem

7897016823432;Lavadora Semiautomática Colormaq LCB 10.0 10Kg Branca

7897016826501;Lavadora de Roupas Semiautomática Colormaq LCB 12 12kg Branca e Azul

7897016826518;Lavadora de Roupas Semiautomática Colormaq LCB 12 12kg Branca e Azul

7897016824347;Lavadora Semiautomática Colormaq LCM 15.0 15 kg Branca e Rosa

7897016825955;Lavadora Semiautomática Colormaq LCM 6.0 Branco 110V

7897016825962;Lavadora Semiautomática Colormaq LCM 6.0 Branco 220V

7895500724050;Compra Shop Lavadora de Roupas Arno 10 Kg Lavete Intense com Cyclonic 3D System e 5 Programas de Lav

7896664600624;Lavadora de Roupas 45kg Mueller Plus Semi Automática - Branco 110V

7896664601461;Lavadora de Roupas 7kg Mueller Agile - 600038002 - Branco

7896664602413;Tanquinho Mueller Super Pop 3Kg Semiautomtico Preto

7896664602420;Lavadora Tanquinho 3kg Superpop 600022015 Preta Mueller

7897016810913;Lavadora de Roupas Colormaq Semi- automática New Pioneer 27 kg - 110V

7898350361895;Lavadora de Roupas Newmaq 10Kg com 9 Programas - 127V

7896664600419;Lavadora De Roupas Tanquinho Poptank 5 Kg Mueller - Branco - 110V

7896664602147;Lavadora de Roupas 5Kg Mueller Pop Tank 600005018 Preto

7896664602154;Lavadora de Roupas 5Kg Mueller Pop Tank 600005018 Preto

7898014301366;Mini Lavadora de Roupas Praxis Petit 1.2kg com 5 Programas Prata

7897016823968;Tanquinho Semiautomático Colormaq New Pioneer Black 27kg Preto

7897016823906;Lavadora de Roupas Colormaq Semi- automática New Pioneer 27 kg Preto - 110V

7896518509660;Lavadora de Roupas Suggar 10 Kg Lavamax Semiautomática Branco/Verde

7896518514299;Lavadora Lavamax Eco 10 kg Suggar

7896518514312;Lavadora Lavamax Eco 10 kg Suggar Preta

7896518513117;Lavadora Semiautomática Suggar Lavamax LE100 10KG Branca

7896518512578;Lavadora de Roupas 12KgSuggar Lavamatic LC1231PT

7896518512585;Lavadora de Roupas Semi- Automatica 12 kg Suggar Lavamatic LC123 Branca

7896518512592;Lavadora de Roupas Semi- Automatica 12 kg Suggar Lavamatic LC123 Preta

7896518512608;Lavadora de Roupas Suggar Lavamatic Semi Automática 12 Kg - Preta

7896518510994;Lavadora de Roupas 5.0Kg Semi- Automática Turbilhão LV5011BR Branca - Suggar

7896518510901;Lavadora de Roupas Semi- automática Suggar Turbilhão 7kg Branca 10 Programas de Lavagem

7896518510895;Lavadora de Roupas Semi- automática Suggar Turbilhão 7kg Branca 10 Programas de Lavagem

7896518511335;Suggar Linha Branca Lavadora Turbilhao Max LV7022PT Suggar

7896518514602;Lavadora de Roupas Suggar Lavamax Eco 13kg Preta LE1301PT

7896518514596;Lavadora Lavamax Eco 13 Kg Branca Suggar

7896518514626;Lavadora Lavamax Eco 15 Kg Branca Suggar

7896518514640;Lavadora de Roupas Suggar Lavamax Eco 15kg Preta LE1501PT

7896518514633;Lavadora Lavamax Eco 15 Kg Branca Suggar

7896518514657;Não encontrado

7896664600662;Lavadora de Roupas Semi Automática Mueller Superpop 3kg

7896664600679;Lavadora 2kg Mueller Pop Tank - 5011

7897016824590;Lavadora de Roupas Semi automática Colormaq 15kg

7895500726085;Não encontrado

7895500726092;Ferro a Vapor Arno Ultragliss II com Spray FUA2 Rosa - 110V

7898307296690;Tecbril Limpa Ar Condicionado Granada Lavanda 200ml

7897207100366;Plasútil Tela Mosquiteiro com Velcro 105 x 125 m Protej

7893013012664;Vida Pratica Tela Mosquiteiro Para Portas E Janela 105 X 105 Resistente

7893013012558;Vida Pratika Tela Mosquiteiro Para Portas E Janela 125 X 125 Resistente

7893013012534;Vida Pratika Tela Mosquiteiro Para Portas E Janela 085 X 105 Resistente

7896985016791;Tela Mosquiteira para Janelas Aluminium 100cmx200cm Sasazaki Branco

7893013012596;Vida Pratika Tela Mosquiteiro Para Portas E Janela 125 X 225 Resistente

7893013012572;Vida Pratika Tela Mosquiteiro para Janela com Velcro 125 x 165m

7893013012541;Não encontrado

7893013012671;Vida Pratika Tela Mosquiteiro Para Portas E Janela 155 X 155 Resistente

7898015193663;Não encontrado

7896451848017;Lorenzetti Torneira com Saída para Máquina de Lavar Lorenclub 1131 C47

7891589132687;Não encontrado

7898549231596;Torneira Tanque Com Saída Para Máquina De Lavar C34 Cross Higiban

7898010896651;Torneira Tanque Derivação Máquina Lavar Mrja - Viqua

7895155088408;Kappesberg Kit P/ Forno E Micro- Ondas 2Pt G611 Branco De Madeira

7890022078407;Não encontrado

7908041002379;Torre Quente Multimóveis para Forno e Micro- ondas com 3 Portas - Nogueira/Branco

7891760802903;Torre Quente 3 Portas 2 Lugares para Forno Branco - Madesa

7891760802934;Torre Quente 3 Portas 2 Lugares para Forno Rustic - Madesa

7908041023688;Paneleiro Torre Quente 2 Nichos 3 Portas Multimóveis Nogueira

7908041023671;Módulo para forno 5404MF – Multimóveis

7895155217457;Armário P/ Forno E Microondas Kappesberg Pop 3 Portas Jacarandá/Preto

7895155217471;Armário P/ Forno E Microondas Kappesberg Pop 3 Portas Terracota

7909103587766;Módulo Para Forno e Microondas 4 Pts Sicília Argila- Texturizada Multimóveis

7909103529926;Módulo Para Micro- ondas 4 Portas Toscana Argila e Branco Texturizado Multimóveis

7891760823502;Torre Quente Para Fornos Madesa Glamy 1 Porta e 3 Gavetas - Branco

7895155785857;Armário para Forno e Microondas de 70cm 3 Porta D729 Kappesberg

7898582461899;Não encontrado

7892639000581;Wahler 3388.87 Valvulas Termostaticas Palio  Siena  Strada

7896020660491;Mor Varal Portátil Secar Roupas Haste Ajustável A Portas Janelas - MR8 6049

