7891129500006;	PEDESTAL PARA MÁQUINA LAVA&SECA BRASTEMP S/ VOLTAGEM
7891129500013;	PEDESTAL PARA MÁQUINA LAVA&SECA BRASTEMP S/ VOLTAGEM
7891129217317;	AC JANELA - 7.500 BTU'S FRIO - MECÂNICO (CLASSE A) CONSUL 127V
7891129217324;	AC JANELA - 7.500 BTU'S FRIO - MECÂNICO (CLASSE A) CONSUL 220V
7891129217416;	AC JANELA - 10.000 BTU'S FRIO - MECÂNICO (CLASSE A) CONSUL 127V
7891129217423;	AC JANELA - 10.000 BTU'S FRIO - MECÂNICO (CLASSE A) CONSUL 220V
7891129234352;	AC JANELA - 7.500 BTU'S FRIO - MECÂNICO (SOMENTE NORTE
7891129234369;	AC JANELA - 7.500 BTU'S FRIO - MECÂNICO (SOMENTE NORTE
7891129161122;	AC JANELA - 21.000 BTU'S FRIO - MECÂNICO CONSUL 220V
7891129234536;	AC JANELA - 12.000 BTU'S FRIO - MECÂNICO CONSUL 127V
7891129161603;	AC JANELA - 18.000 BTU'S FRIO - MECÂNICO CONSUL 220V
7891129161658;	AC JANELA - 12.000 BTU'S QUENTE/FRIO - MECÂNICO CONSUL 220V
7891129161597;	AC JANELA - 18.000 BTU'S QUENTE/FRIO - MECÂNICO CONSUL 220V
7891129217348;	AC JANELA - 7.500 BTU'S FRIO - DIGITAL (CLASSE A) CONSUL 127V
7891129217355;	AC JANELA - 7.500 BTU'S FRIO - DIGITAL (CLASSE A) CONSUL 220V
7891129217379;	AC JANELA - 10.000 BTU'S FRIO - DIGITAL (CLASSE A) CONSUL 127V
7891129217386;	AC JANELA - 10.000 BTU'S FRIO - DIGITAL (CLASSE A) CONSUL 220V
7891129217362;	AC JANELA - 7.500 BTU'S QUENTE/FRIO - DIGITAL (CLASSE A) CONSUL 220V
7891129217409;	AC JANELA - 10.000 BTU'S QUENTE/FRIO - DIGITAL (CLASSE A) CONSUL 220V
7891129161139;	AC JANELA - 21.000 BTU'S QUENTE/FRIO - MECÂNICO CONSUL 220V
7891129217331;	AC JANELA - 7.500 BTU'S QUENTE/FRIO - MECÂNICO (CLASSE A) CONSUL 220V
7891129217393;	AC JANELA - 10.000 BTU'S QUENTE/FRIO - MECÂNICO (CLASSE A) CONSUL 220V
7891129161672;	AC JANELA - 12.000 BTU'S FRIO - ELETRÔNICO CONSUL 220V
7891129234543;	AC JANELA - 12.000 BTU'S FRIO - ELETRÔNICO CONSUL 127V
7891129161641;	AC JANELA - 12.000 BTU'S QUENTE/FRIO - ELETRÔNICO CONSUL 220V
7891129255890;	AC JANELA - 7.500 BTU'S FRIO - MECÂNICO CONSUL 127V
7891129263505;	AC JANELA - 7.500 BTU'S FRIO - MECÂNICO CONSUL 220V
7891129263543;	AC JANELA - 10.000 BTU'S FRIO - MECÂNICO CONSUL 127V
7891129263550;	AC JANELA - 10.000 BTU'S FRIO - MECÂNICO CONSUL 220V
7891129263598;	AC JANELA - 12.000 BTU'S FRIO - MECÂNICO CONSUL 127V
7891129263604;	AC JANELA - 12.000 BTU'S FRIO - MECÂNICO CONSUL 220V
7891129499904;	AC JANELA - 18.000 BTU'S FRIO - MECÂNICO CONSUL 220V
7891129499386;	AC JANELA - 7.500 BTU'S FRIO - INVERTER FRIO CONSUL 127/220V
7891129499393;	AC JANELA - 10.000 BTU'S FRIO - INVERTER FRIO CONSUL 127/220V
7891129263529;	AC JANELA - 7.500 BTU'S FRIO - DIGITAL CONSUL 127V
7891129263536;	AC JANELA - 7.500 BTU'S FRIO - DIGITAL CONSUL 220V
7891129263574;	AC JANELA - 10.000 BTU'S FRIO - DIGITAL CONSUL 127V
7891129263581;	AC JANELA - 10.000 BTU'S FRIO - DIGITAL CONSUL 220V
7891129263512;	AC JANELA - 7.500 BTU'S QUENTE/FRIO - MECÂNICO  CONSUL 220V
7891129263567;	AC JANELA - 10.000 BTU'S QUENTE/FRIO - MECÂNICO CONSUL 220V
7891129232044;	CLIMATIZADOR PORTATIL  BEM ESTAR - QUENTE/FRIO - BRANCO CONSUL 127V
7891129232051;	CLIMATIZADOR PORTATIL  BEM ESTAR - QUENTE/FRIO - BRANCO CONSUL 220V
7891129232808;	CLIMATIZADOR PORTATIL  BEM ESTAR - QUENTE/FRIO - TITÂNIO CONSUL 220V
7891129207431;	COIFA PAREDE 90 CM BRASTEMP GOURMAND  220V
7891129207615;	COIFA ILHA 100 CM BRASTEMP GOURMAND  220V
7891129253469;	COIFA TBOX PAREDE BRASTEMP 90 CM  127V
7891129253476;	COIFA TBOX PAREDE BRASTEMP 90 CM  220V
7891129253483;	COIFA TBOX ILHA BRASTEMP 100 CM  127V
7891129253490;	COIFA TBOX ILHA BRASTEMP 100 CM  220V
7891129219861;	COIFA BRASTEMP  PIRAMIDAL PRETA 60 CM  127V
7891129219878;	COIFA BRASTEMP  PIRAMIDAL PRETA 60 CM  220V
7891129219984;	COIFA BRASTEMP  PIRAMIDAL INOX 60 CM  127V
7891129219854;	COIFA BRASTEMP  PIRAMIDAL INOX 60 CM  220V
7891129224025;	COIFA BRASTEMP PIRAMIDAL INOX 90 CM  127V
7891129224032;	COIFA BRASTEMP PIRAMIDAL INOX 90 CM  220V
7891129253421;	COIFA VIDRO PLANO PAREDE BRASTEMP 90 CM  127V
7891129253438;	COIFA VIDRO PLANO PAREDE BRASTEMP 90 CM  220V
7891129253445;	COIFA VIDRO PLANO ILHA BRASTEMP 100 CM  127V
7891129253452;	COIFA VIDRO PLANO ILHA BRASTEMP 100 CM  220V
7891129230101;	COIFA INOX PAREDE CONSUL 60CM  127V
7891129230118;	COIFA INOX PAREDE CONSUL 60CM  220V
7891129230125;	COIFA INOX PAREDE CONSUL 90CM  127V
7891129230132;	COIFA INOX PAREDE CONSUL 90CM  220V
7891129249844;	COIFA VIDRO PAREDE CONSUL 60CM  127V
7891129250178;	COIFA VIDRO PAREDE CONSUL 60CM  220V
7891129250185;	COIFA VIDRO PAREDE 90CM CONSUL 127V
7891129250192;	COIFA VIDRO PAREDE 90CM CONSUL 220V
7891129238091;	COIFA LUMINÁRIA ILHA  BRASTEMP VITREOUS  BRANCA 220V  75 CM  
7891129238084;	COIFA PAREDE BRASTEMP VITREOUS BRANCA 80 CM 220V 60 HZ  
7891129491601;	COIFA DE PAREDE BRASTEMP GOURM INOX 127V  
7891129491670;	COIFAI NOX ILHA BRASTEMP GOURMAND 100CM  220V
7891129499126;	COOKTOP 2 BOCAS A GÁS DOMINÓ CONSUL COM MESA DE VIDRO  127/220V
7891129481695;	COOKTOP GÁS BRASTEMP 2B INOX 127/220V  
7891129194137;	COOKTOP VIDRO BRASTEMP ATIVE 4B  127/220V
7891129224377;	COOKTOP BRASTEMP MEGACHAMA 4B  127/220V
7891129194205;	COOKTOP VIDRO BRASTEMP ATIVE 5B  127/220V
7891129224391;	COOKTOP BRASTEMP MEGACHAMA 5B  127/220V
7891129110687;	eVITROCERAMICO 1200 E 1700W BRASTEMP 220V
7891129481640;	COOKTOP ELET BRASTEMP 2B MESA VITRO 220V   
7891129481657;	COOKTOP ELET BRASTEMP CHURRASQUEIRA 220V  
7891129481664;	COOKTOP IND BRASTEMP 1B PORTÁTIL   127V
7891129481671;	COOKTOP IND BRASTEMP 1B PORTÁTIL   220V
7891129481688;	COOKTOP IND BRASTEMP 1B EMBUTIR 220V  
7891129233430;	COOKTOP DE INDUÇÃO BRASTEMP 4B - 58CM  220V
7891129233447;	COOKTOP DE INDUÇÃO BRASTEMP 4B - 58CM  220V
7891129233454;	COOKTOP INOX BRASTEMP GOURMAND - 4B 60CM  220V
7891129233508;	COOKTOP INOX BRASTEMP GOURMAND - 5B 75CM  220V
7891129232891;	COOKTOP INOX BRASTEMP GOURMAND - 5B 90CM  220V
7891129224384;	COOKTOP BRASTEMP TIMER 4B  127/220V
7891129224704;	COOKTOP BRASTEMP TIMER 5B  127/220V
7891129238343;	COOKTOP BRASTEMP GOURMAND VIDRO 5 BOCAS  127/220V
7891129212206;	COOKTOP CONSUL 4B 60HZ  127/220V
7891129212213;	COOKTOP CONSUL 5B 60HZ   127/220V
7891129243521;	COOKTOP CONSUL 5 BOCAS QUADRICHAMA  127/220V
7891129238213;	COOKTOP DE INDUÇÃO BRASTEMP VITREOUS BRANCO 4B - 77CM  220V
7891129238206;	COOKTOP GÁS BRASTEMP VITREOUS BRANCO - 5B 75CM  220V
7891129499300;	COOKTOP BRASTEMP GOURMAND 6B INOX 127V  
7891129230149;	DEPURADOR  BRANCO 60 CM BRASTEMP 127V
7891129230156;	DEPURADOR  BRANCO 60 CM BRASTEMP 220V
7891129230163;	DEPURADOR  BRANCO 80 CM BRASTEMP 127V
7891129230187;	DEPURADOR  BRANCO 80 CM BRASTEMP 220V
7891129230194;	DEPURADOR  INOX C/ DUTO 60 CM BRASTEMP 127V
7891129230200;	DEPURADOR  INOX C/ DUTO 60 CM BRASTEMP 220V
7891129230217;	DEPURADOR  INOX C/ DUTO 80 CM BRASTEMP 127V
7891129230224;	DEPURADOR  INOX C/ DUTO 80 CM BRASTEMP 220V
7891129232501;	DEPURADOR CONSUL BRANCO 60 CM  127V
7891129232518;	DEPURADOR CONSUL BRANCO 60 CM  220V
7891129232549;	DEPURADOR CONSUL INOX 60 CM  127V
7891129232556;	DEPURADOR CONSUL INOX 60 CM  220V
7891129232525;	DEPURADOR CONSUL BRANCO 80 CM  127V
7891129232532;	DEPURADOR CONSUL BRANCO 80 CM  220V
7891129232563;	DEPURADOR CONSUL INOX 80 CM  127V
7891129232570;	DEPURADOR CONSUL INOX 80 CM  220V
7891129217003;	ATIVE! TIMER GRILL 4 BOCAS BRANCO PISO BRASTEMP 220V
7891129219229;	ATIVE! TIMER GRILL 4 BOCAS INOX PISO BRASTEMP 127V
7891129219212;	ATIVE! TIMER GRILL 4 BOCAS INOX PISO BRASTEMP 220V
7891129235557;	ATIVE - 4 BOCAS MAXI DUPLO FORNO BRASTEMP 127V
7891129235564;	ATIVE - 4 BOCAS MAXI DUPLO FORNO BRASTEMP 220V
7891129235342;	ATIVE TIMER - 4 BOCAS MAXI DUPLO FORNO  BRASTEMP 127V
7891129235359;	ATIVE TIMER - 4 BOCAS MAXI DUPLO FORNO  BRASTEMP 220V
7891129235403;	ATIVE TOP GLASS - 4 BOCAS MAXI DUPLO FORNO BRASTEMP 127V
7891129235410;	ATIVE TOP GLASS - 4 BOCAS MAXI DUPLO FORNO BRASTEMP 220V
7891129264199;	FOGÃO BRASTEMP DF 5B BR GRILL  127V
7891129264182;	FOGÃO BRASTEMP DF 5B BR GRILL  220V
7891129264151;	FOGÃO BRASTEMP DF 5B BR  127V
7891129264144;	FOGÃO BRASTEMP DF 5B BR  220V
7891129264168;	FOGÃO BRASTEMP DF 5B IN  127V
7891129264175;	FOGÃO BRASTEMP DF 5B IN  220V
7891129264717;	FOGÃO BRASTEMP DF 5B MESA VIDRO  127V
7891129264700;	FOGÃO BRASTEMP DF 5B MESA VIDRO  220V
7891129233614;	CLEAN 4 BOCAS BRANCO PISO BRASTEMP 127/220V
7891129233621;	CLEAN 4 BOCAS INOX PISO BRASTEMP 127/220V
7891129233638;	CLEAN TIMER 4 BOCAS BRANCO PISO BRASTEMP 127/220V
7891129233645;	CLEAN TIMER 4 BOCAS INOX PISO BRASTEMP 127/220V
7891129235519;	ATIVE DIGITAL - 4 BOCAS MAXI PISO BRASTEMP 127V
7891129235526;	ATIVE DIGITAL - 4 BOCAS MAXI PISO BRASTEMP 220V
7891129235366;	ATIVE GRILL - 4 BOCAS MAXI PISO BRASTEMP 127V
7891129235373;	ATIVE GRILL - 4 BOCAS MAXI PISO BRASTEMP 220V
7891129235304;	CLEAN - 4 BOCAS MAXI PISO BRASTEMP 127/220V
7891129235502;	CLEAN - 4 BOCAS MAXI PISO BRASTEMP 127/220V
7891129234987;	CLEAN TIMER - 4 BOCAS MAXI PISO BRASTEMP 127/220V
7891129264755;	FOGÃO BRASTEMP PISO 5B IN 220V CONVECÇÃO  220V
7891129264380;	FOGÃO BRASTEMP PISO 5B BR 127/220V TURBO  
7891129264397;	FOGÃO BRASTEMP PISO 5B IN 127/220V TURBO  
7891129264649;	FOGÃO BRASTEMP PISO 5B IN GRILL  127V
7891129264632;	FOGÃO BRASTEMP PISO 5B IN GRILL  220V
7891129264373;	FOGÃO BRASTEMP PISO 5B IN 127/220V  
7891129264618;	FOGÃO BRASTEMP PISO 5B BR 127/220V TIMER  
7891129264601;	FOGÃO BRASTEMP PISO 5B IN 127/220V TIMER  
7891129264724;	FOGÃO BRASTEMP PISO 5B MESA VID 127/220V  
7891129264502;	FOGÃO BRASTEMP PISO 6B BR  127/220V  
7891129233652;	CLEAN TIMER 4 BOCAS BRANCO EMBUTIR BRASTEMP 127/220V
7891129233669;	CLEAN TIMER 4 BOCAS INOX EMBUTIR BRASTEMP 127/220V
7891129235380;	ATIVE GRILL - 4 BOCAS MAXI EMBUTIR BRASTEMP 127V
7891129235397;	ATIVE GRILL - 4 BOCAS MAXI EMBUTIR BRASTEMP 220V
7891129264656;	FOGÃO BRASTEMP PISO 5B IN 220V CONVECÇÃO  
7891129264625;	FOGÃO BRASTEMP EMB 5B IN 127/220V TIMER  
7891129264748;	FOGÃO BRASTEMP EMB 5B MESA VIDRO  127V
7891129264731;	FOGÃO BRASTEMP EMB 5B MESA VIDRO  220V
7891129264519;	FOGÃO BRASTEMP EMB 6B BR 127/220 V  
7891129238404;	FOGÃO FS 4B BR 127/220V  CONSUL 
7891129238114;	FOGÃO FS 4B INOX 127/220V CONSUL 
7891129238145;	FOGÃO FS 4B TD BRANCO 127/220V CONSUL 
7891129238435;	FOGÃO FS 4B TD INOX 127/220V CONSUL 
7891129238459;	FOGÃO FS 4B MV BR 127/220V CONSUL 
7891129238466;	FOGÃO FS 4B MV INOX 127/220V CONSUL 
7891129238473;	FOGÃO FS 4B MV TI 127/220V 50/60HZ CONSUL 
7891129246225;	FOGÃO 5B BRANCO PISO CONSUL 127/220V
7891129246232;	FOGÃO 5B INOX PISO CONSUL 127/220V
7891129246300;	FOGÃO 5B QUADRICHAMA BRANCO PISO CONSUL 127/220V
7891129246317;	FOGÃO 5B QUADRICHAMA INOX PISO CONSUL 127/220V
7891129249608;	FOGÃO 5B MESA DE VIDRO INOX PISO CONSUL 127/220V
7891129246645;	FOGÃO 5B MESA DE VIDRO TITANIUM PISO CONSUL 127/220V
7891129246607;	FOGÃO 6B BRANCO PISO CONSUL 127/220V
7891129246614;	FOGÃO 6B INOX PISO CONSUL 127/220V
7891129517905;	FOGÃO BRASTEMP 5 BOCAS PRETO COM MESA DE VIDRO E TURBO CHAMA  127/220V
7891129204713;	FORNO ELÉTRICO 60CM INOX TOUCH BRASTEMP 220V
7891129243828;	FORNO DE EMBUTIR A GÁS BRASTEMP  84 L   220V
7891129266216;	FORNO DE EMBUTIR GÁS BRASTEMP 78L  220V
7891129244016;	FORNO DE EMBUTIR ELÉTRICO BRASTEMP  84 L  220V
7891129265721;	FORNO DE EMBUTIR ELÉTRICO BRASTEMP 78L  220V
7891129232990;	FORNO DE EMBUTIR ELÉTRICO BRASTEMP GOURMAND INOX 90CM  220V
7891129253315;	FORNO DE EMBUTIR GÁS BRASTEMP 78L  220V
7891129255906;	FORNO DE EMBUTIR ELÉTRICO BRASTEMP 78L  220V
7891129251212;	FORNO DE EMBUTIR GÁS CONSUL 84 L  220V
7891129244009;	FORNO DE EMBUTIR ELÉTRICO CONSUL 84 L  220V
7891129238220;	FORNO DE EMBUTIR ELÉTRICO  BRASTEMP VITREOUS BRANCO 60CM  220V
7891129266803;	FORNO BRASTEMP GOURMAND 60CM INOX 220V  
7891129266827;	FORNO BRASTEMP GOURMAND VAPOR INOX 220V  
7891129499508;	FORNO DE EMBUTIR ELÉTRICO CONSUL 47 LITROS PRATA COM DOURADOR E TIMER AUTODESLIGAMENTO  220V
7891129253780;	HORIZONTAL 213 - 1 TAMPA CONSUL 127V
7891129253797;	HORIZONTAL 213 - 1 TAMPA CONSUL 220V
7891129254107;	HORIZONTAL 305 - 1 TAMPA CONSUL 127V
7891129254114;	HORIZONTAL 305 - 1 TAMPA CONSUL 220V
7891129254121;	HORIZONTAL 404 - 2 TAMPAS CONSUL 127V
7891129254138;	HORIZONTAL 404 - 2 TAMPAS CONSUL 220V
7891129254145;	HORIZONTAL 519 - 2 TAMPAS CONSUL 127V
7891129254152;	HORIZONTAL 519 - 2 TAMPAS CONSUL 220V
7891129210103;	FREEZER FROST FREE 197 BRASTEMP 127V
7891129209893;	FREEZER FROST FREE 197 BRASTEMP 220V
7891129252417;	FREEZER FROST FREE ELETRONICO 228 - FLEX BRASTEMP 127V
7891129252424;	FREEZER FROST FREE ELETRONICO 228 - FLEX BRASTEMP 220V
7891129252431;	FREEZER FROST FREE ELETRONICO 228 EVOX - FLEX BRASTEMP 127V
7891129252448;	FREEZER FROST FREE ELETRONICO 228 EVOX - FLEX BRASTEMP 220V
7891129130012;	COMPACTO 66 CONSUL 127V
7891129130029;	COMPACTO 66 CONSUL 220V
7891129196209;	FREEZER VERTICAL CONSUL 121L  127V
7891129196216;	FREEZER VERTICAL CONSUL 121L  220V
7891129196223;	FREEZER VERTICAL CONSUL 142L  127V
7891129196230;	FREEZER VERTICAL CONSUL 142L  220V
7891129208834;	FREEZER VERTICAL 231 CONSUL 127V
7891129208759;	FREEZER VERTICAL 231 CONSUL 220V
7891129208711;	FREEZER VERTICAL 246 CONSUL 127V
7891129208919;	FREEZER VERTICAL 246 CONSUL 220V
7891129266841;	GAVETA AQUECIDA BRASTEMP GOURM INOX 220V  
7891129499263;	LAVA & SECA BRASTEMP 10.1KG  127V
7891129499270;	LAVA & SECA BRASTEMP 10.1KG  220V
7891129499409;	LAVA & SECA BRASTEMP 10.1KG  127V
7891129499416;	LAVA & SECA BRASTEMP 10.1KG  220V
7891129252608;	LAVADORA BRASTEMP DOUBLE WASH 15KG GRAFITE METÁLICO  127V
7891129255807;	LAVADORA BRASTEMP DOUBLE WASH 15KG GRAFITE METÁLICO  220V
7891129251434;	LAVADORA BRASTEMP DOUBLE WASH 15KG BRANCO  127V
7891129251441;	LAVADORA BRASTEMP DOUBLE WASH 15KG BRANCO  220V
7891129209336;	LAVADORA ATIVE INOX 11 KG BRASTEMP 127V
7891129209343;	LAVADORA ATIVE INOX 11 KG BRASTEMP 220V
7891129244030;	LAVADORA BRASTEMP 12KG  127V
7891129244047;	LAVADORA BRASTEMP 12KG  220V
7891129234468;	LAVADORA AUTOMÁTICA 15KG BRASTEMP 127V
7891129234901;	LAVADORA AUTOMÁTICA 15KG BRASTEMP 220V
7891129243910;	LAVADORA AGUA FRIA ATIVE 9 KG BRASTEMP 127V
7891129246027;	LAVADORA AGUA FRIA ATIVE 9 KG BRASTEMP 220V
7891129232839;	LAVADORA ATIVE 11 KG BRASTEMP 127V
7891129232846;	LAVADORA ATIVE 11 KG BRASTEMP 220V
7891129237711;	LAVADORA 11KG BRASTEMP 127V
7891129237728;	LAVADORA 11KG BRASTEMP 220V
7891129234970;	LAVADORA AUTOMÁTICA 15KG EVOX BRASTEMP 220V
7891129241961;	LAVADORA BRASTEMP AGUA QUENTE 12G  127V
7891129241992;	LAVADORA BRASTEMP AGUA QUENTE 12G  220V
7891129234956;	LAVADORA AUTOMÁTICA 15KG BRASTEMP 220V
7891129241930;	LAVADORA BRASTEMP 12G  127V
7891129241985;	LAVADORA BRASTEMP 12G  220V
7891129223776;	LAVADORA CONSUL 8KG  127V
7891129251298;	LAVADORA CONSUL 13KG  127V
7891129251748;	LAVADORA CONSUL 13KG  220V
7891129238268;	LAVADORA CONSUL 15KG  127V
7891129238275;	LAVADORA CONSUL 15KG  220V
7891129234314;	LAVADORA CONSUL 16 KG  127V
7891129234321;	LAVADORA CONSUL 16 KG  220V
7891129251342;	LAVADORA CONSUL 11KG  127V
7891129251359;	LAVADORA CONSUL 12KG  127V
7891129251731;	LAVADORA CONSUL 12KG  220V
7891129267466;	LAVADORA CONSUL 12KG  127 V
7891129267473;	LAVADORA CONSUL 12KG  220 V
7891129267503;	LAVADORA CONSUL 8KG  127 V
7891129268302;	LAVADORA CONSUL 8KG  220 V
7891129267657;	LAVADORA CONSUL 9KG  127 V
7891129267664;	LAVADORA CONSUL 9KG  220 V
7891129267671;	LAVADORA CONSUL 11KG  127 V
7891129267688;	LAVADORA CONSUL 11KG  220 V
7891129502819;	LAVADORA AUTOMÁTICA 15KG BRASTEMP 127 V
7891129502826;	LAVADORA AUTOMÁTICA 15KG BRASTEMP 220 V
7891129498204;	LAVADORA BRASTEMP 12KG BRANCA COM CICLO TIRA MANCHAS ADVANCED E CICLO ANTIBOLINHA  127V
7891129498600;	LAVADORA BRASTEMP 12KG BRANCA COM CICLO TIRA MANCHAS ADVANCED E CICLO ANTIBOLINHA  220V
7891129498419;	LAVADORA BRASTEMP 12KG BRANCA ÁGUA QUENTE COM CICLO TIRA MANCHAS PRO E CICLO ANTIBOLINHA  127V
7891129500020;	LAVADORA BRASTEMP 12KG BRANCA ÁGUA QUENTE COM CICLO TIRA MANCHAS PRO E CICLO ANTIBOLINHA  220V
7891129498525;	LAVADORA BRASTEMP 12KG TITÂNIO COM CICLO TIRA MANCHAS ADVANCED E CICLO ANTIBOLINHA  127V
7891129498679;	LAVADORA BRASTEMP 12KG TITÂNIO COM CICLO TIRA MANCHAS ADVANCED E CICLO ANTIBOLINHA  220V
7891129500044;	LAVADORA BRASTEMP 12KG TITÂNIO ÁGUA QUENTE COM CICLO TIRA MANCHAS PRO E CICLO ANTIBOLINHA  127V
7891129500051;	LAVADORA BRASTEMP 12KG TITÂNIO ÁGUA QUENTE COM CICLO TIRA MANCHAS PRO E CICLO ANTIBOLINHA  220V
7891129498303;	LAVADORA BRASTEMP 14KG BRANCA COM CICLO TIRA MANCHAS ADVANCED E CICLO ANTIBOLINHA  127V
7891129498310;	LAVADORA BRASTEMP 14KG BRANCA COM CICLO TIRA MANCHAS ADVANCED E CICLO ANTIBOLINHA  220V
7891129499379;	LAVADORA CONSUL 14KG BRANCA COM DOSAGEM EXTRA ECONÔMICA E CICLO EDREDON  127V
7891129500037;	LAVADORA CONSUL 14KG BRANCA COM DOSAGEM EXTRA ECONÔMICA E CICLO EDREDON  220V
7891129207370;	LAVALOUÇAS COMPACTA 8 SERVIÇOS BRASTEMP 127V
7891129204829;	LAVALOUÇAS COMPACTA 8 SERVIÇOS BRASTEMP 220V
7891129204836;	LAVALOUÇAS COMPACTA 8 SERVIÇOS PRATA BRASTEMP 127V
7891129205741;	LAVALOUÇAS COMPACTA 8 SERVIÇOS PRATA BRASTEMP 220V
7891129234291;	LAVALOUÇAS 10 SERVIÇOS BRANCA BRASTEMP 127V
7891129234604;	LAVALOUÇAS 10 SERVIÇOS BRANCA BRASTEMP 220V
7891129234628;	LAVALOUÇAS 10 SERVIÇOS ESPELHADA BRASTEMP 127V
7891129234635;	LAVALOUÇAS 10 SERVIÇOS ESPELHADA BRASTEMP 220V
7891129253629;	LAVA LOUÇAS BRASTEMP 14 SERVIÇOS - BRANCA  127V
7891129253711;	LAVA LOUÇAS BRASTEMP 14 SERVIÇOS - BRANCA  220V
7891129253759;	LAVA LOUÇAS BRASTEMP 14 SERVIÇOS - PRETA  127V
7891129253766;	LAVA LOUÇAS BRASTEMP 14 SERVIÇOS - PRETA  220V
7891129253735;	LAVA LOUÇAS BRASTEMP 14 SERVIÇOS - INOX  127V
7891129253742;	LAVA LOUÇAS BRASTEMP 14 SERVIÇOS - INOX  220V
7891129240100;	LAVA LOUÇAS  DE EMBUTIR BRASTEMP VITREOUS 14 SERVIÇOS  127V
7891129499515;	LAVA LOUÇAS BRASTEMP GOURM 14S INOX 220V  127V
7891129501911;	LAVA LOUÇAS 10 SERVIÇOS BRANCA BRASTEMP 127V
7891129501904;	LAVA LOUÇAS 10 SERVIÇOS BRANCA BRASTEMP 220V
7891129501928;	LAVA LOUÇAS 10 SERVIÇOS COR INOX BRASTEMP 127V
7891129501935;	LAVA LOUÇAS 10 SERVIÇOS COR INOX BRASTEMP 220V
7891129268524;	MÁQUINA DE BEBIDAS ROXO BBLEND 127 V
7891129268531;	MÁQUINA DE BEBIDAS ROXO BBLEND 220 V
7891129268548;	MÁQUINA DE BEBIDAS 60HZ BRANCO BBLEND 127 V
7891129268555;	MÁQUINA DE BEBIDAS 60HZ BRANCO BBLEND 220 V
7891129268562;	MÁQUINA DE BEBIDAS PRETO BBLEND 127 V
7891129268579;	MÁQUINA DE BEBIDAS PRETO BBLEND 220 V
7891129268586;	MAQUINA DE BEBIDAS GRAFITE 127V BBLEND 127 V
7891129268593;	MÁQUINA DE BEBIDAS GRAFITE BBLEND 220 V
7891129268609;	MÁQUINA DE BEBIDAS VERMELHO BBLEND 127 V
7891129268616;	MÁQUINA DE BEBIDAS VERMELHO BBLEND 220 V
7891129250444;	MAQUINA BEBIDAS C/ AG QUENTE BRANCO BBLEND 127 V
7891129250451;	MAQUINA BEBIDAS C/ AG QUENTE BRANCO BBLEND 220 V
7891129250468;	MAQUINA BEBIDAS C/ AG QUENTE PRETO BBLEND 127 V
7891129250475;	MAQUINA BEBIDAS C/ AG QUENTE PRETO BBLEND 220 V
7891129501713;	MICRO-ONDAS BRASTEMP 20 LITROS COR INOX ESPELHADO COM FUNÇÕES PRÉ-PREPARO  220V
7891129501706;	MICRO-ONDAS BRASTEMP 20 LITROS COR INOX ESPELHADO COM FUNÇÕES PRÉ-PREPARO  127V
7891129250871;	MICRO-ONDAS 32L BRASTEMP PRETO COM GRILL  127V
7891129250888;	MICRO-ONDAS 32L BRASTEMP PRETO COM GRILL  220V
7891129250857;	MICRO-ONDAS 32L BRASTEMP INOX COM GRILL  127V
7891129250864;	MICRO-ONDAS 32L BRASTEMP INOX COM GRILL  220V
7891129220454;	MICRO-ONDAS BRASTEMP ATIVE! 38L  127V
7891129220461;	MICRO-ONDAS BRASTEMP ATIVE! 38L  220V
7891129230866;	MICRO-ONDAS DE EMBUTIR BRASTEMP GOURMAND - 40 LITROS  220V
7891129241206;	FORNO MULTIFUNCIONAL COM MICRO-ONDAS BRASTEMP GOURMAND  220V
7891129250307;	MICRO-ONDAS 32L BRASTEMP BRANCO SEM GRILL  127V
7891129250314;	MICRO-ONDAS 32L BRASTEMP BRANCO SEM GRILL  220V
7891129250499;	MICRO-ONDAS 32L BRASTEMP INOX SEM GRILL  127V
7891129250802;	MICRO-ONDAS 32L BRASTEMP INOX SEM GRILL  220V
7891129220423;	MICROONDAS CONSUL ESPELHADO - 20L  127V
7891129220430;	MICROONDAS CONSUL ESPELHADO - 20L  220V
7891129219748;	MICROONDAS CONSUL - 20L BRANCO  127V
7891129219755;	MICROONDAS CONSUL - 20L BRANCO  220V
7891129250215;	MICRO-ONDAS 32L CONSUL BRANCO SEM GRILL  127V
7891129250208;	MICRO-ONDAS 32L CONSUL BRANCO SEM GRILL  220V
7891129250819;	MICRO-ONDAS 32L CONSUL INOX SEM GRILL  127V
7891129250826;	MICRO-ONDAS 32L CONSUL INOX SEM GRILL  220V
7891129238237;	MICRO-ONDAS DE EMBUTIR BRASTEMP VITREOUS BRANCO 40L  220V
7891129266834;	MICROONDAS BRASTEMP GOURM 40L INOX 220V  220V
7891129186651;	REFIL PURIFICADOR DE ÁGUA CONSUL S/ VOLTAGEM
7891129223769;	REFIL PARA PURIFICADOR DE ÁGUA DE TORNEIRA CONSUL FACILITE  S/ VOLTAGEM
7891129223875;	PACK COM 2 REFIL PARA PURIFICADOR DE ÁGUA PORTÁTIL CONSUL FACILITE  S/ VOLTAGEM
7891129224285;	PACK COM 2 REFIL PARA PURIFICADOR DE ÁGUA DE TORNEIRA CONSUL FACILITE  S/ VOLTAGEM
7891129236417;	BEBEDOURO REFRIGERADO CONSUL 127V
7891129236424;	BEBEDOURO REFRIGERADO CONSUL 220V
7891129247109;	PURIFICADOR CONSUL REFRIGERADO ELETRONICO - BRANCO  127/220V
7891129247116;	PURIFICADOR CONSUL REFRIGERADO ELETRONICO - CINZA  127/220V
7891129251335;	PURIFICADOR CONSUL REFRIGERADO ELETRONICO - PRATA  127/220V
7891129223899;	PURIFICADOR CONSUL BEM ESTAR REFRIGERADO   127V
7891129224209;	PURIFICADOR CONSUL BEM ESTAR REFRIGERADO   220V
7891129224087;	PURIFICADOR CONSUL BEM ESTAR REFRIGERADO   127V
7891129224094;	PURIFICADOR CONSUL BEM ESTAR REFRIGERADO   220V
7891129186101;	PURIFICADOR DE ÁGUA CONSUL S/ VOLTAGEM
7891129219205;	PURIFICADOR DE ÁGUA CONSUL S/ VOLTAGEM
7891129247123;	PURIFICADOR DE ÁGUA CONSUL BRANCO - NÃO REFRIGERADO  S/ VOLTAGEM
7891129247130;	PURIFICADOR DE ÁGUA CONSUL CINZA - NÃO REFRIGERADO  S/ VOLTAGEM
7891129499737;	REFRIGERADOR DUAS PORTAS FROST FREE CONSUL 397L BRANCA COM FREEZER EM BAIXO  127V
7891129499744;	REFRIGERADOR DUAS PORTAS FROST FREE CONSUL 397L BRANCA COM FREEZER EM BAIXO  220V
7891129499751;	REFRIGERADOR DUAS PORTAS FROST FREE CONSUL 397L EVOX COM FREEZER EM BAIXO  127V
7891129499768;	REFRIGERADOR DUAS PORTAS FROST FREE CONSUL 397L EVOX COM FREEZER EM BAIXO  220V
7891129514218;	REFRIGERADOR DUAS PORTAS FROST FREE CONSUL 340L BRANCA  127V
7891129514225;	REFRIGERADOR DUAS PORTAS FROST FREE CONSUL 340L BRANCA  220V
7891129514232;	REFRIGERADOR DUAS PORTAS FROST FREE CONSUL 340L EVOX  127V
7891129514249;	REFRIGERADOR DUAS PORTAS FROST FREE CONSUL 340L EVOX  220V
7891129186248;	REFRIGERADOR RETRO PRETO 80 BRASTEMP 127V
7891129192720;	REFRIGERADOR RETRO PRETO 80 BRASTEMP 220V
7891129170858;	MINI REFRIGERADOR 80 - RETRO VERMELHO BRASTEMP 127V
7891129187719;	MINI REFRIGERADOR 80 - RETRO VERMELHO BRASTEMP 220V
7891129245747;	FRIGOBAR BRASTEMP RETRÔ 68L ICE WHITE - BRA08BB  127V
7891129245754;	FRIGOBAR BRASTEMP RETRÔ 68L ICE WHITE - BRA08BB  220V
7891129245761;	FRIGOBAR BRASTEMP RETRÔ 68L MARSALA WINE - BRA08BG  127V
7891129245778;	FRIGOBAR BRASTEMP RETRÔ 68L MARSALA WINE - BRA08BG  220V
7891129245709;	FRIGOBAR BRASTEMP RETRÔ 68L AMARELO - BRA08BY  127V
7891129245716;	FRIGOBAR BRASTEMP RETRÔ 68L AMARELO - BRA08BY  220V
7891129245723;	FRIGOBAR BRASTEMP RETRÔ 68L MIDNIGHT BLUE - BRA08BZ  127V
7891129245730;	FRIGOBAR BRASTEMP RETRÔ 68L MIDNIGHT BLUE - BRA08BZ  220V
7891129252899;	COMPACTO 120 EVOX BRASTEMP 127V
7891129253209;	COMPACTO 120 EVOX BRASTEMP 220V
7891129252035;	REFRIGERADOR BRASTEMP 2P FF 443L - BRANCO  127V
7891129252042;	REFRIGERADOR BRASTEMP 2P FF 443L - BRANCO  220V
7891129252059;	REFRIGERADOR BRASTEMP 2P FF 443L - EVOX  127V
7891129252066;	REFRIGERADOR BRASTEMP 2P FF 443L - EVOX  220V
7891129252073;	REFRIGERADOR BRASTEMP 2P FF 478L - BRANCO  127V
7891129252080;	REFRIGERADOR BRASTEMP 2P FF 478L - BRANCO  220V
7891129252097;	REFRIGERADOR BRASTEMP 2P FF 478L - EVOX  127V
7891129252103;	REFRIGERADOR BRASTEMP 2P FF 478L - EVOX  220V
7891129252110;	REFRIGERADOR BRASTEMP 2P FF 460L - BRANCO  127V
7891129252127;	REFRIGERADOR BRASTEMP 2P FF 460L - BRANCO  220V
7891129252158;	REFRIGERADOR BRASTEMP 2P FF 460L - PRETO  127V
7891129252165;	REFRIGERADOR BRASTEMP 2P FF 460L - PRETO  220V
7891129252134;	REFRIGERADOR BRASTEMP 2P FF 460L - EVOX  127V
7891129252141;	REFRIGERADOR BRASTEMP 2P FF 460L - EVOX  220V
7891129206205;	REFRIGERADOR DOMÉST 2 PORTAS 573L BR BRASTEMP 127V
7891129206212;	REFRIGERADOR DOMÉST 2 PORTAS 573L BR BRASTEMP 220V
7891129236707;	REFRIGERADOR DOMÉST 2 PORTAS 573L EVOX BRASTEMP 127V
7891129236714;	REFRIGERADOR DOMÉST 2 PORTAS 573L EVOX BRASTEMP 220V
7891129252707;	REFRIGERADOR BRASTEMP 2P FF 375L - BRANCO  127V
7891129252714;	REFRIGERADOR BRASTEMP 2P FF 375L - BRANCO  220V
7891129252721;	REFRIGERADOR BRASTEMP 2P FF 375L - EVOX  127V
7891129252738;	REFRIGERADOR BRASTEMP 2P FF 375L - EVOX  220V
7891129252745;	REFRIGERADOR BRASTEMP 2P FF 375L - BRANCO  127V
7891129252752;	REFRIGERADOR BRASTEMP 2P FF 375L - BRANCO  220V
7891129252769;	REFRIGERADOR BRASTEMP 2P FF 375L - EVOX  127V
7891129252776;	REFRIGERADOR BRASTEMP 2P FF 375L - EVOX  220V
7891129252820;	REFRIGERADOR BRASTEMP 2P FF 400L - BRANCO  127V
7891129252837;	REFRIGERADOR BRASTEMP 2P FF 400L - BRANCO  220V
7891129252844;	REFRIGERADOR BRASTEMP 2P FF 400L - EVOX  127V
7891129252851;	REFRIGERADOR BRASTEMP 2P FF 400L - EVOX  220V
7891129250086;	REFRIGERADOR BRASTEMP 2P FF 462L - BRANCO  127V
7891129250093;	REFRIGERADOR BRASTEMP 2P FF 462L - BRANCO  220V
7891129251571;	REFRIGERADOR BRASTEMP 2P FF 462L - EVOX  127V
7891129251588;	REFRIGERADOR BRASTEMP 2P FF 462L - EVOX  220V
7891129251595;	REFRIGERADOR BRASTEMP 2P FF 500L - BRANCO  127V
7891129251908;	REFRIGERADOR BRASTEMP 2P FF 500L - BRANCO  220V
7891129251915;	REFRIGERADOR BRASTEMP 2P FF 500L - EVOX  127V
7891129251922;	REFRIGERADOR BRASTEMP 2P FF 500L - EVOX  220V
7891129251939;	REFRIGERADOR BRASTEMP 2P FF 500L - BRANCO  127V
7891129251946;	REFRIGERADOR BRASTEMP 2P FF 500L - BRANCO  220V
7891129251670;	REFRIGERADOR BRASTEMP 2P FF 500L - EVOX  127V
7891129251687;	REFRIGERADOR BRASTEMP 2P FF 500L - EVOX  220V
7891129251694;	REFRIGERADOR BRASTEMP 2P FF 478L - BRANCO  127V
7891129252004;	REFRIGERADOR BRASTEMP 2P FF 478L - BRANCO  220V
7891129252011;	REFRIGERADOR BRASTEMP 2P FF 478L - EVOX  127V
7891129252028;	REFRIGERADOR BRASTEMP 2P FF 478L - EVOX  220V
7891129219915;	REFRIGERADOR DOMÉST 3PORTAS 540L BRASTEMP 127V
7891129219922;	REFRIGERADOR DOMÉST 3PORTAS 540L BRASTEMP 220V
7891129219946;	REFRIGERADOR DOMÉST 3PORTAS 540L BRASTEMP 127V
7891129219953;	REFRIGERADOR DOMÉST 3PORTAS 540L BRASTEMP 220V
7891129219939;	REFRIGERADOR DOMÉST 3PORTAS 540L BRASTEMP 127V
7891129220010;	REFRIGERADOR DOMÉST 3PORTAS 540L BRASTEMP 220V
7891129200913;	REFRIGERADOR DOMEST 2P 560 BR BRASTEMP 127V
7891129200920;	REFRIGERADOR DOMEST 2P 560 BR BRASTEMP 220V
7891129200708;	REFRIGERADOR DOMEST 2P 560 INOX BRASTEMP 127V
7891129200906;	REFRIGERADOR DOMEST 2P 560 INOX BRASTEMP 220V
7891129242722;	REFRIGERADOR SIDE BY SIDE 539L BRASTEMP 127V
7891129264274;	REFRIGERADOR BRASTEMP INVERSE 3 FF 419L - PRETO  127V
7891129264281;	REFRIGERADOR BRASTEMP INVERSE 3 FF 419L - PRETO  220V
7891129264250;	REFRIGERADOR BRASTEMP INVERSE 3 FF 419L - EVOX  127V
7891129264267;	REFRIGERADOR BRASTEMP INVERSE 3 FF 419L - EVOX  220V
7891129124714;	FRIGOBAR PORTA DE VIDRO BRASTEMP 127V
7891129124721;	FRIGOBAR PORTA DE VIDRO BRASTEMP 220V
7891129171282;	FRIGOBAR PORTA DE VIDRO - ILUMINACAÇÃO INTERNA AZUL BRASTEMP 127V
7891129171299;	FRIGOBAR PORTA DE VIDRO - ILUMINACAÇÃO INTERNA AZUL BRASTEMP 220V
7891129253858;	ADEGA CLIMATIZADA 28 GARRAFAS BRASTEMP 127V
7891129253872;	ADEGA CLIMATIZADA 28 GARRAFAS BRASTEMP 220V
7891129212015;	ADEGA CLIMATIZADA 31 GARRAFAS BRASTEMP 127V
7891129212022;	ADEGA CLIMATIZADA 31 GARRAFAS BRASTEMP 220V
7891129253520;	ADEGA CLIMATIZADA 33 GARRAFAS BRASTEMP 127V
7891129253537;	ADEGA CLIMATIZADA 33 GARRAFAS BRASTEMP 220V
7891129253544;	ADEGA CLIMATIZADA 51 GARRAFAS BRASTEMP 127V
7891129253551;	ADEGA CLIMATIZADA 51 GARRAFAS BRASTEMP 220V
7891129203549;	WINE COOLER - 12 GARRAFAS BRASTEMP 127V
7891129203556;	WINE COOLER - 12 GARRAFAS BRASTEMP 220V
7891129186408;	DEGELO SECO 261 CONSUL 127V
7891129186415;	DEGELO SECO 261 CONSUL 220V
7891129180567;	CONSUL FACILITE 1 PORTA FROST FREE 300L   127V
7891129180574;	CONSUL FACILITE 1 PORTA FROST FREE 300L   220V
7891129245808;	CONSUL FACILITE 1 PORTA FROST FREE 300L - SELO PROCEL  127V
7891129243200;	CONSUL FACILITE 1 PORTA FROST FREE 300L - SELO PROCEL  220V
7891129184657;	CONSUL FACILITE 1 PORTA FROST FREE 342L   127V
7891129185418;	CONSUL FACILITE 1 PORTA FROST FREE 342L   220V
7891129245471;	CONSUL FACILITE 1 PORTA FROST FREE 342L EVOX  127V
7891129245488;	CONSUL FACILITE 1 PORTA FROST FREE 342L EVOX  220V
7891129224049;	COMPACTO 80 CONSUL 127V
7891129224056;	COMPACTO 80 CONSUL 220V
7891129224063;	COMPACTO 120 CONSUL 127V
7891129224070;	COMPACTO 120 CONSUL 220V
7891129195264;	REFRIGERADOR CONSUL DEGELO MANUAL 239L  127V
7891129195271;	REFRIGERADOR CONSUL DEGELO MANUAL 239L  220V
7891129219410;	BIPLEX 334L CONSUL 127V
7891129219427;	BIPLEX 334L CONSUL 220V
7891129195448;	BIPLEX 334 CONSUL 127V
7891129195455;	BIPLEX 334 CONSUL 220V
7891129230279;	REFRIGERADOR DUPLEX CONSUL - 415L  127V
7891129230286;	REFRIGERADOR DUPLEX CONSUL - 415L  220V
7891129230293;	REFRIGERADOR DUPLEX CONSUL - 450L  127V
7891129230606;	REFRIGERADOR DUPLEX CONSUL - 450L  220V
7891129230613;	REFRIGERADOR DUPLEX CONSUL - 450L  127V
7891129230620;	REFRIGERADOR DUPLEX CONSUL - 450L  220V
7891129246508;	REFRIGERADOR FROST FREE CONSUL 275L  127V
7891129246515;	REFRIGERADOR FROST FREE CONSUL 275L  220V
7891129246522;	REFRIGERADOR FROST FREE CONSUL 275L EVOX  127V
7891129246539;	REFRIGERADOR FROST FREE CONSUL 275L EVOX  220V
7891129246546;	REFRIGERADOR FROST FREE CONSUL 340L  127V
7891129246553;	REFRIGERADOR FROST FREE CONSUL 340L  220V
7891129246560;	REFRIGERADOR FROST FREE CONSUL 340L EVOX  127V
7891129246577;	REFRIGERADOR FROST FREE CONSUL 340L EVOX  220V
7891129246584;	REFRIGERADOR FROST FREE CONSUL 386L  127V
7891129246591;	REFRIGERADOR FROST FREE CONSUL 386L  220V
7891129246713;	REFRIGERADOR FROST FREE CONSUL 386L EVOX  220V
7891129246720;	REFRIGERADOR FROST FREE CONSUL 386L  127V
7891129246737;	REFRIGERADOR FROST FREE CONSUL 386L  220V
7891129246744;	REFRIGERADOR FROST FREE CONSUL 386L EVOX  127V
7891129246751;	REFRIGERADOR FROST FREE CONSUL 386L EVOX  220V
7891129215832;	REFRIGERADOR DOMEST 2 PORTAS 407L CONSUL 127V
7891129215849;	REFRIGERADOR DOMEST 2 PORTAS 407L CONSUL 220V
7891129215856;	REFRIGERADOR DOMÉST 2 PORTAS 405L CONSUL 127V
7891129215863;	REFRIGERADOR DOMÉST 2 PORTAS 405L CONSUL 220V
7891129215870;	REFRIGERADOR DOMÉST 2 PORTAS 405L CONSUL 127V
7891129215887;	REFRIGERADOR DOMÉST 2 PORTAS 405L CONSUL 220V
7891129242821;	GELADEIRA CONSUL DUPLEX FROST FREE BRANCA - 437L  127V
7891129242814;	GELADEIRA CONSUL DUPLEX FROST FREE BRANCA - 437L  220V
7891129252400;	GELADEIRA CONSUL FROST FREE EVOX 441L  127V
7891129252509;	GELADEIRA CONSUL FROST FREE EVOX 441L  220V
7891129216136;	REFRIGERADOR DOMÉST 2 PORTAS 437L CONSUL 127V
7891129216143;	REFRIGERADOR DOMÉST 2 PORTAS 437L CONSUL 220V
7891129216150;	REFRIGERADOR DOMÉST 2 PORTAS 437L CONSUL 127V
7891129216167;	REFRIGERADOR DOMÉST 2 PORTAS 437L CONSUL 220V
7891129224216;	CERVEJEIRA CONSUL MAIS  127V
7891129224223;	CERVEJEIRA CONSUL MAIS  220V
7891129222717;	CERVEJEIRA CONSUL MAIS  127V
7891129222724;	CERVEJEIRA CONSUL MAIS  220V
7891129222748;	CERVEJEIRA CONSUL MAIS  127V
7891129222779;	CERVEJEIRA CONSUL MAIS  220V
7891129265615;	CERVEJEIRA CONSUL SMARTBEER  127V
7891129265622;	CERVEJEIRA CONSUL SMARTBEER  220V
7891129265653;	CERVEJEIRA CONSUL SMARTBEER  127V
7891129265660;	CERVEJEIRA CONSUL SMARTBEER  220V
7891129265639;	CERVEJEIRA CONSUL SMARTBEER  127V
7891129265646;	CERVEJEIRA CONSUL SMARTBEER  220V
7891129243514;	REFRIGERADOR DOMÉST 3PORTAS 540L BR BRASTEMP 127V
7891129239906;	REFRIGERADOR DOMÉST 3PORTAS 540L BR BRASTEMP 220V
7891129491632;	REFRIGERADOR BRASTEMP GOURM 540L  127V
7891129491717;	REFRIGERADOR BRASTEMP GOURM 540L  220V
7891129246935;	REFRIGERADOR DOMÉST 2 PORTAS 405L CONSUL 220V
7891129246928;	REFRIGERADOR DOMÉST 2 PORTAS 405L CONSUL 110V
7891129520806;	REFRIGERADOR FROST FREE CONSUL 386L - SELO PROCEL  127V
7891129520813;	REFRIGERADOR FROST FREE CONSUL 386L - SELO PROCEL  220V
7891129520844;	REFRIGERADOR BRASTEMP 2P FF 462L - BRANCO - SELO PROCEL  127V
7891129520851;	REFRIGERADOR BRASTEMP 2P FF 462L - BRANCO - SELO PROCEL  220V
7891129520820;	REFRIGERADOR FROST FREE CONSUL 386L - EVOX - SELO PROCEL  127V
7891129520837;	REFRIGERADOR FROST FREE CONSUL 386L - EVOX - SELO PROCEL  220V
7891129520868;	REFRIGERADOR BRASTEMP 2P FF 462L - EVOX - SELO PROCEL  127V
7891129520875;	REFRIGERADOR BRASTEMP 2P FF 462L - EVOX - SELO PROCEL  220V
7891129188907;	SECADORA ATIVE - SUSPENSA BRASTEMP 127V
7891129188914;	SECADORA ATIVE - SUSPENSA BRASTEMP 220V
7891129188808;	SECADORA ATIVE - PISO BRASTEMP 127V
7891129188815;	SECADORA ATIVE - PISO BRASTEMP 220V
7891129188921;	SECADORA ATIVE - INOX BRASTEMP 127V
7891129188938;	SECADORA ATIVE - INOX BRASTEMP 220V
7891129244405;	AR-CONDICIONADO SPLIT CONSUL R22 - 7K BTU ON/OFF FRIO UNID. INTERNA  220V
7891129244412;	AR-CONDICIONADO SPLIT CONSUL R22 - 7K BTU ON/OFF FRIO UNID. EXTERNA  220V
7891129244429;	AR-CONDICIONADO SPLIT CONSUL R22 - 9K BTU ON/OFF FRIO UNID. INTERNA  220V
7891129244436;	AR-CONDICIONADO SPLIT CONSUL R22 - 9K BTU ON/OFF FRIO UNID. EXTERNA  220V
7891129244467;	AR-CONDICIONADO SPLIT CONSUL R22 - 12K BTU ON/OFF FRIO UNID. INTERNA  220V
7891129244474;	AR-CONDICIONADO SPLIT CONSUL R22 - 12K BTU ON/OFF FRIO UNID. EXTERNA  220V
7891129244504;	AR-CONDICIONADO SPLIT CONSUL R22 - 18K BTU ON/OFF FRIO UNID. INTERNA  220V
7891129244511;	AR-CONDICIONADO SPLIT CONSUL R22 - 18K BTU ON/OFF FRIO UNID. EXTERNA  220V
7891129244542;	AR-CONDICIONADO SPLIT CONSUL R22 - 22K BTU ON/OFF FRIO UNID. INTERNA  220V
7891129244559;	AR-CONDICIONADO SPLIT CONSUL R22 - 22K BTU ON/OFF FRIO UNID. EXTERNA  220V
7891129244443;	AR-CONDICIONADO SPLIT CONSUL R22 - 9K BTU ON/OFF QUENTE/FRIO UNID. INTERNA  220V
7891129244450;	AR-CONDICIONADO SPLIT CONSUL R22 - 9K BTU ON/OFF QUENTE/FRIO UNID. EXTERNA  220V
7891129244481;	AR-CONDICIONADO SPLIT CONSUL R22 - 12K BTU ON/OFF QUENTE/FRIO UNID. INTERNA  220V
7891129244498;	AR-CONDICIONADO SPLIT CONSUL R22 - 12K BTU ON/OFF QUENTE/FRIO UNID. EXTERNA  220V
7891129244528;	AR-CONDICIONADO SPLIT CONSUL R22 - 18K BTU ON/OFF QUENTE/FRIO UNID. INTERNA  220V
7891129244535;	AR-CONDICIONADO SPLIT CONSUL R22 - 18K BTU ON/OFF QUENTE/FRIO UNID. EXTERNA  220V
7891129244566;	AR-CONDICIONADO SPLIT CONSUL R22 - 22K BTU ON/OFF QUENTE/FRIO UNID. INTERNA  220V
7891129244573;	AR-CONDICIONADO SPLIT CONSUL R22 - 22K BTU ON/OFF QUENTE/FRIO UNID. EXTERNA  220V
7891129244580;	AR-CONDICIONADO SPLIT CONSUL R410A - 9K BTU INVERTER FRIO UNID. INTERNA  220V
7891129244597;	AR-CONDICIONADO SPLIT CONSUL R410A - 9K BTU INVERTER FRIO UNID. EXTERNA  220V
7891129244610;	AR-CONDICIONADO SPLIT CONSUL R410A - 12K BTU INVERTER FRIO UNID. INTERNA  220V
7891129244627;	AR-CONDICIONADO SPLIT CONSUL R410A - 12K BTU INVERTER FRIO UNID. EXTERNA  220V
7891129244658;	AR-CONDICIONADO SPLIT CONSUL R410A - 18K BTU INVERTER FRIO UNID. INTERNA  220V
7891129244665;	AR-CONDICIONADO SPLIT CONSUL R410A - 18K BTU INVERTER FRIO UNID. EXTERNA  220V
7891129244696;	AR-CONDICIONADO SPLIT CONSUL R410A - 22K BTU INVERTER FRIO UNID. INTERNA  220V
7891129244702;	AR-CONDICIONADO SPLIT CONSUL R410A - 22K BTU INVERTER FRIO UNID. EXTERNA  220V
7891129210165;	AR-CONDICIONADO SPLIT CONSUL R410A - 9K BTU INVERTER QUENTE/FRIO UNID. INTERNA  220V
7891129244603;	AR-CONDICIONADO SPLIT CONSUL R410A - 9K BTU INVERTER QUENTE/FRIO UNID. EXTERNA  220V
7891129244634;	AR-CONDICIONADO SPLIT CONSUL R410A - 12K BTU INVERTER QUENTE/FRIO UNID. INTERNA  220V
7891129244641;	AR-CONDICIONADO SPLIT CONSUL R410A - 12K BTU INVERTER QUENTE/FRIO UNID. EXTERNA  220V
7891129244672;	AR-CONDICIONADO SPLIT CONSUL R410A - 18K BTU INVERTER QUENTE/FRIO UNID. INTERNA  220V
7891129244689;	AR-CONDICIONADO SPLIT CONSUL R410A - 18K BTU INVERTER QUENTE/FRIO UNID. EXTERNA  220V
7891129244719;	AR-CONDICIONADO SPLIT CONSUL R410A - 22K BTU INVERTER QUENTE/FRIO UNID. INTERNA  220V
7891129244733;	AR-CONDICIONADO SPLIT CONSUL R410A - 22K BTU INVERTER QUENTE/FRIO UNID. EXTERNA  220V
7891129244740;	AR-CONDICIONADO SPLIT CONSUL R410A - 9K BTU ON/OFF FRIO UNID. INTERNA  220V
7891129243309;	AR-CONDICIONADO SPLIT CONSUL R410A - 9K BTU ON/OFF FRIO UNID. EXTERNA  220V
7891129244764;	AR-CONDICIONADO SPLIT CONSUL R410A - 12K BTU ON/OFF FRIO UNID. INTERNA  220V
7891129243316;	AR-CONDICIONADO SPLIT CONSUL R410A - 12K BTU ON/OFF FRIO UNID. EXTERNA  220V
7891129244788;	AR-CONDICIONADO SPLIT CONSUL R410A - 18K BTU ON/OFF FRIO UNID. INTERNA  220V
7891129243323;	AR-CONDICIONADO SPLIT CONSUL R410A - 18K BTU ON/OFF FRIO UNID. EXTERNA  220V
7891129244801;	AR-CONDICIONADO SPLIT CONSUL R410A - 22K BTU ON/OFF FRIO UNID. INTERNA  220V
7891129243330;	AR-CONDICIONADO SPLIT CONSUL R410A - 22K BTU ON/OFF FRIO UNID. EXTERNA  220V
7891129244757;	AR-CONDICIONADO SPLIT CONSUL R410A - 9K BTU ON/OFF QUENTE/FRIO UNID. INTERNA  220V
7891129243347;	AR-CONDICIONADO SPLIT CONSUL R410A - 9K BTU ON/OFF QUENTE/FRIO UNID. EXTERNA  220V
7891129244771;	AR-CONDICIONADO SPLIT CONSUL R410A - 12K BTU ON/OFF QUENTE/FRIO UNID. INTERNA  220V
7891129243354;	AR-CONDICIONADO SPLIT CONSUL R410A - 12K BTU ON/OFF QUENTE/FRIO UNID. EXTERNA  220V
7891129244795;	AR-CONDICIONADO SPLIT CONSUL R410A - 18K BTU ON/OFF QUENTE/FRIO UNID. INTERNA  220V
7891129243361;	AR-CONDICIONADO SPLIT CONSUL R410A - 18K BTU ON/OFF QUENTE/FRIO UNID. EXTERNA  220V
7891129244818;	AR-CONDICIONADO SPLIT CONSUL R410A - 22K BTU ON/OFF QUENTE/FRIO UNID. INTERNA  220V
7891129244825;	AR-CONDICIONADO SPLIT CONSUL R410A - 22K BTU ON/OFF QUENTE/FRIO UNID. EXTERNA  220V
7891129264557;	UNID EVAP 9K BTU CF SPLIT INVERTER CONSUL 220V
7891129264830;	UNID COND 9K BTU CF SPLIT INVERTER CONSUL 220V
7891129264564;	UNID EVAP 12K BTU CF SPLIT INVERTER CONSUL 220V
7891129264847;	UNID COND 12K BTU CF SPLIT INVERTER CONSUL 220V
7891129264595;	UNID. EVAP. 18K BTU CF SPLIT INVERTER CONSUL 220V
7891129264878;	UNID. COND. 18K BTU CF SPLIT INVERTER CONSUL 220V
7891129264809;	D. EVAP. 22K BTU CF SPLIT INVERTER CONSUL 220V
7891129264885;	UNID. COND. 22K BTU CF SPLIT INVERTER CONSUL 220V
7891129264571;	UNID. EVAP. 9K BTU CR SPLIT.. CONSUL 220V
7891129264854;	UNID. COND. 9K BTU CR SPLIT INVERTER CONSUL 220V
7891129264588;	UNID EVAP 12K BTU CR SPLIT INVERTER CONSUL 220V
7891129264861;	UNID COND 12K BTU CR SPLIT INVERTER CONSUL 220V
7891129264816;	UNID. EVAP. 18K BTU CR SPLIT INVERTER CONSUL 220V
7891129264892;	UNID. COND. 18K BTU CR SPLIT INVERTER CONSUL 220V
7891129264823;	UNID. EVAP. 22K BTU CR SPLIT INVERTER CONSUL 220V
7891129264908;	UNID. COND. 22K BTU CR SPLIT INVERTER CONSUL 220V
7891129264915;	UNID. EVAP. 09K BTU CF SPLIT CONSUL 220V
7891129264953;	UNID COND 9K BTU CF SPLIT CONSUL 220V
7891129264991;	UNID EVAP 12K BTU CF SPLIT CONSUL 220V
7891129265011;	UND.COND.12K BTU CF SPLIT CONSUL 220V
7891129264939;	UNID. EVAP. 18K BTU CF SPLIT CONSUL 220V
7891129264977;	UNID. COND. 18K BTU CF SPLIT.. CONSUL 220V
7891129265004;	UNID. EVAP 22K BTU CF SPLIT CONSUL 220V
7891129265028;	UNID. COND. 22K BTU CF SPLIT. CONSUL 220V
7891129264922;	UNID. EVAP. 09K BTU CR SPLIT CONSUL 220V
7891129264960;	UND.COND.9K BTU CR SPLIT CONSUL 220V
7891129265035;	UNID EVAP 12K BTU CR SPLIT CONSUL 220V
7891129265059;	UND.COND.12K BTU CR SPLIT CONSUL 220V
7891129264946;	UNID. EVAP. 18K BTU CR SPLIT CONSUL 220V
7891129264984;	UNID. COND. 18K BTU CR SPLIT. CONSUL 220V
7891129265042;	UNID. EVAP. 22K BTU CF SPLIT CONSUL 220V
7891129265066;	UNID. COND. 22K BTU CR SPLIT CONSUL 220V
